category,field,definition
atmospheric sciences,climatology,"Climatology is the scientific study of the long-term statistical behavior of the Earth’s climate system, focusing on patterns, variability, and trends in atmospheric, oceanic, and land-surface conditions over seasonal to multi-decadal and longer timescales, typically using 30-year normals or longer records. It examines variables such as temperature, precipitation, humidity, wind regimes, radiation balance, snow and ice cover, and large-scale circulation, along with interactions among the atmosphere, oceans, cryosphere, land surface, and biosphere. Core topics include climate variability and change, teleconnections, extremes, and attribution, with canonical signals including El Niño–Southern Oscillation, the Pacific Decadal Oscillation, monsoon variability, drought indices, and long-term warming trends. Common data sources include station networks, satellite archives, reanalysis products, paleoclimate proxies such as tree rings and ice cores, and outputs from general circulation models and Earth system models. This field is distinguished from meteorology, which emphasizes short-term atmospheric processes and weather prediction from minutes to weeks, and from hydrology or oceanography, which focus more specifically on water movement or ocean processes rather than the long-term statistics of the coupled climate system."
atmospheric sciences,meteorology,"Meteorology is the scientific study of the atmosphere and the processes that produce weather and short-term atmospheric variability over timescales from minutes to weeks and spatial scales from local convective events to regional and synoptic systems. It examines variables such as air temperature, pressure, humidity, wind, cloud properties, atmospheric stability, and precipitation, with core processes including atmospheric dynamics, thermodynamics, radiation, convection, frontal development, and moisture transport. Typical topics include storms, cyclones, atmospheric rivers, thunderstorms, fog, heat events, boundary-layer processes, and weather forecasting, often using high-frequency observations from weather stations, radiosondes, Doppler radar, satellites, and numerical weather prediction models with data assimilation. Canonical signals include jet streams, pressure systems, fronts, convective available potential energy, and storm classification frameworks such as the Saffir–Simpson scale. This field is distinguished from climatology, which focuses on long-term climate patterns and trends rather than immediate atmospheric conditions, and from atmospheric chemistry or atmospheric physics studies that isolate composition or radiative processes without centering on operational weather dynamics and prediction."
engineering,civil engineering,"Civil engineering is the discipline concerned with the planning, design, construction, operation, and maintenance of infrastructure systems that support human society, including transportation facilities, bridges, buildings, dams, levees, canals, pipelines, stormwater systems, and other components of the built environment. It applies mechanics, materials science, structural analysis, geotechnical principles, hydraulics, and systems engineering to ensure infrastructure safety, durability, efficiency, and resilience across scales ranging from individual structures to regional infrastructure networks and across design lifetimes of decades to centuries. Core activities include load and failure analysis, seismic design, foundation design, drainage and flood-control design, construction methods, and infrastructure performance assessment using methods such as finite element modeling, hydraulic modeling, surveying, and field inspection. This field is distinguished from environmental engineering, which focuses more specifically on pollution control, treatment systems, and environmental protection, and from urban and regional planning, which emphasizes land use, policy, and governance rather than the technical design and behavior of physical infrastructure."
engineering,energy,"Energy is the interdisciplinary field concerned with the production, conversion, transmission, storage, and use of energy across natural and engineered systems, spanning fuel resources, electricity systems, thermal systems, and end-use sectors such as buildings, transportation, industry, and water infrastructure. It studies sources such as fossil fuels, nuclear power, hydropower, solar, wind, geothermal, and bioenergy, along with processes including generation, fuel cycles, grid operation, electrification, storage, and energy efficiency over timescales from real-time balancing to multi-decadal energy transitions and scales from individual devices to regional and national grids. Common data sources and methods include utility and grid data, resource assessments, techno-economic analysis, optimization, scenario modeling, lifecycle assessment, and emissions accounting, with canonical concepts such as capacity factor, levelized cost of energy, load, dispatch, curtailment, and energy return on investment. This field is distinguished from electrical engineering, which focuses more narrowly on circuits, electronics, power hardware, and control systems, and from climate policy or greenhouse gas management, which focus on emissions outcomes and regulatory frameworks rather than the structure and operation of energy systems themselves."
engineering,environmental engineering,"Environmental engineering is the engineering discipline focused on protecting human health and the environment through the design, operation, and evaluation of systems that manage pollution, waste, water quality, air quality, and contaminated media. It commonly addresses drinking water treatment, wastewater treatment, stormwater treatment, solid and hazardous waste, remediation of contaminated soil and groundwater, air emissions control, and engineered solutions for environmental compliance and public health across scales from treatment units and facilities to watersheds and urban systems. Core variables include pollutant concentrations, flow rates, treatment efficiency, pathogen removal, reaction kinetics, mass transport, and exposure pathways, and common methods include process modeling, reactor design, monitoring, risk assessment, and pilot or full-scale system evaluation. Canonical topics include nutrient removal, disinfection, activated sludge, membrane treatment, adsorption, remediation technologies, and fate and transport of contaminants. This field is distinguished from civil engineering, which addresses broader infrastructure design beyond environmental control systems, and from water quality or toxicology, which often study environmental conditions and effects without focusing primarily on engineered treatment and management systems."
engineering,water resource engineering,"Water resource engineering is the branch of engineering concerned with the development, design, operation, and management of systems that store, convey, control, and allocate water for human and environmental purposes, including reservoirs, dams, canals, pipelines, flood-control structures, irrigation systems, urban drainage, and hydropower facilities. It focuses on hydrologic and hydraulic processes such as runoff generation, channel flow, sediment transport, flood routing, water supply reliability, and infrastructure performance across scales from individual structures and reaches to river basins and regional water systems, and from event-scale operations to long-term planning. Common methods include hydrologic and hydraulic modeling, reservoir operations modeling, design storm analysis, flood-frequency analysis, optimization, and field measurements of flow and stage. Canonical topics include flood management, drought planning, water distribution, dam safety, spillway design, conveyance efficiency, and environmental flow implementation. This field is distinguished from hydrology, which studies the movement and storage of water as a natural science, and from civil engineering more broadly, which includes many non-water infrastructure domains."
biological and ecological sciences,aquatic ecology,"Aquatic ecology is the study of organisms, communities, and ecosystem processes in freshwater, estuarine, and marine environments, with emphasis on how physical, chemical, and biological conditions shape the structure and function of aquatic systems across scales from microhabitats to lakes, rivers, wetlands, estuaries, and ocean regions and over timescales from seasons to long-term ecosystem change. It examines species interactions, food webs, primary production, nutrient cycling, habitat use, community composition, and ecosystem responses to flow, temperature, salinity, dissolved oxygen, disturbance, and human alteration. Common data sources and methods include field surveys, benthic and plankton sampling, telemetry, mesocosm experiments, stable isotopes, bioenergetics, and ecosystem modeling. Canonical topics include trophic dynamics, succession, floodplain productivity, habitat connectivity, and responses to invasive species or restoration. This field is distinguished from fisheries biology, which centers more specifically on fish populations and management; from water quality, which focuses on chemical and physical conditions — including eutrophication as a nutrient-loading and impairment process — rather than ecological structure and process; and from aquatic toxicology, which covers harmful algal blooms, cyanotoxins, mercury bioaccumulation, and other contaminant-driven effects on organisms; and from restoration ecology, which should be prioritized when the primary focus of a paper is ecological recovery, succession, or community reassembly at a restored aquatic or wetland site, even when the methods are identical to those used in non-restoration aquatic studies."
biological and ecological sciences,aquatic toxicology,"Aquatic toxicology is the study of the occurrence, fate, bioavailability, and biological effects of contaminants in aquatic organisms and ecosystems, focusing on how chemicals and mixtures affect survival, growth, reproduction, behavior, physiology, and community structure in freshwater, estuarine, and marine environments. It examines stressors such as pesticides, metals, hydrocarbons, pharmaceuticals, endocrine disruptors, and harmful transformation products across scales from molecular and cellular responses to organismal and population-level effects and from acute exposure experiments to chronic field conditions. Common methods include laboratory bioassays, controlled exposure studies, biomarker analysis, tissue residue analysis, toxicity testing, dose-response modeling, and field monitoring of contaminants in water, sediment, and biota. Canonical signals include LC50 and EC50 values, sublethal effects, bioaccumulation, biomagnification, endocrine disruption, and sediment toxicity. Harmful algal blooms (HABs) and cyanobacterial toxins belong in this field, as do mercury methylation and bioaccumulation through aquatic food webs. This field is distinguished from water quality, which focuses on the measurement and management of physical and chemical conditions in water bodies (including eutrophication as a nutrient-loading process), and from aquatic ecology, which studies ecological interactions more broadly rather than contaminant-specific toxic effects."
biological and ecological sciences,avian biology,"Avian biology is the study of birds, including their physiology, behavior, life history, ecology, evolution, movement, and population dynamics across terrestrial, wetland, coastal, and marine environments. It examines processes such as breeding, migration, foraging, energetics, habitat selection, communication, survival, and demography over scales ranging from individuals and nests to flyways and metapopulations and over timescales from daily behavior to multi-generational population change. Common data sources and methods include point counts, nest monitoring, banding and mark-recapture, telemetry and GPS tracking, acoustic monitoring, stable isotopes, and population modeling. Canonical topics include migratory connectivity, reproductive success, stopover ecology, phenology, species distribution, and responses to habitat alteration, climate variability, contaminants, and disturbance. This field is distinguished from terrestrial ecology, which considers broader multi-taxon ecosystem processes, and from fisheries or aquatic ecology, which focus on aquatic organisms and systems rather than birds as the focal taxonomic group."
biological and ecological sciences,fisheries biology,"Fisheries biology is the study of fish populations and the ecological, demographic, and environmental processes that influence their abundance, distribution, life history, productivity, and harvest, whether in marine, estuarine, or freshwater systems. It focuses on fish as managed biological populations, examining recruitment, growth, mortality, migration, spawning, habitat use, stock structure, and responses to exploitation and environmental change across scales from individual fish and local habitats to stocks, metapopulations, and large river or ocean systems. Common methods include population surveys, mark-recapture, otolith or age analysis, telemetry, stock assessment, bioenergetics, habitat modeling, and demographic or life-cycle modeling. Canonical topics include recruitment limitation, escapement, stock-recruit relationships, passage and entrainment, harvest regulation, hatchery effects, and habitat restoration for target species. This field is distinguished from aquatic ecology, which considers broader community and ecosystem processes beyond fish, and from fisheries management or policy work that emphasizes governance, regulation, and allocation rather than fish biology itself. Non-fish aquatic or semi-aquatic vertebrates — including turtles, frogs, salamanders, and water snakes — belong in terrestrial ecology rather than here, even when those species use aquatic habitats as their primary environment."
biological and ecological sciences,invasive species,"Invasive species is the field focused on non-native organisms that establish, spread, and cause ecological, economic, or infrastructural harm, examining the mechanisms of introduction, establishment, dispersal, impact, and control across terrestrial, freshwater, estuarine, and marine systems. It studies traits associated with invasiveness, vectors and pathways of introduction, interactions with native species, ecosystem disruption, and management responses over scales from local infestations to regional invasions and from early detection to long-term regime shifts. Common methods include species distribution modeling, field surveys, environmental DNA detection, risk assessment, demographic modeling, network analysis of spread pathways, and experimental evaluation of control strategies. Canonical topics include propagule pressure, biotic resistance, invasion fronts, competitive displacement, altered food webs, and eradication or containment programs. This field is distinguished from general ecology, which studies species interactions regardless of native status, and from restoration ecology, which focuses on recovering desired ecosystem conditions rather than primarily understanding and controlling invasive taxa."
biological and ecological sciences,restoration ecology,"Restoration ecology is the scientific study of how degraded, damaged, or altered ecosystems can be assisted in recovering ecological structure, function, resilience, and biodiversity, with emphasis on setting targets, understanding recovery trajectories, and evaluating outcomes of restoration actions. It examines processes such as succession, recolonization, hydrologic and geomorphic recovery, food-web reassembly, habitat creation, and resilience to disturbance across scales from sites and stream reaches to watersheds and landscapes and over timescales from project implementation to long-term ecosystem development. Common methods include before-after-control-impact designs, vegetation and fauna monitoring, reference-site comparisons, adaptive management, experimental manipulations, and models of habitat suitability or ecosystem function. Canonical topics include wetland restoration, river and floodplain reconnection, dam removal, revegetation, invasive species control, and metrics of restoration success such as species richness, functional traits, or ecosystem processes. This field is distinguished from conservation biology, which often focuses on protecting intact systems or threatened species, and from engineering fields, which may design restoration infrastructure but do not center on ecological recovery as the primary object of study. When a paper studies ecological processes at a restored site — tracking succession, community reassembly, or recovery trajectories after restoration — it should be classified here rather than in terrestrial or aquatic ecology, even if the methods are identical to those used in non-restoration contexts. The restored site being the subject of study is the key signal."
biological and ecological sciences,terrestrial ecology,"Terrestrial ecology is the study of organisms, communities, and ecosystem processes in land-based and semi-terrestrial environments such as forests, grasslands, shrublands, deserts, alpine systems, agricultural landscapes, and transitional wetland habitats used by terrestrial wildlife. It examines interactions among plants, animals, microbes, soils, climate, and disturbance regimes, focusing on processes such as primary production, decomposition, nutrient cycling, competition, predation, succession, habitat selection, and landscape connectivity, as well as population-level life history, demography, survival, and reproductive biology of terrestrial and semi-aquatic wildlife including reptiles, amphibians, and mammals across scales from plots and populations to ecosystems and regions and across timescales from seasonal dynamics to long-term change. Common data sources and methods include vegetation surveys, wildlife monitoring, mark-recapture, telemetry, demographic modeling, remote sensing, manipulative experiments, trait analysis, and ecosystem or landscape modeling. Canonical topics include fire effects, drought responses, carbon storage, trophic interactions, habitat fragmentation, biome shifts, and population dynamics of threatened or managed terrestrial species. This field is distinguished from aquatic ecology, which focuses on water-based systems, from avian biology, which centers specifically on birds, and from fisheries biology, which centers specifically on fish; it is the appropriate classification for population-level studies of non-avian, non-fish vertebrates such as reptiles, amphibians, and mammals, even when those species use wetland or semi-aquatic habitats; and from restoration ecology, which should be prioritized when the primary focus of a paper is ecological recovery, succession, or community reassembly at a restored site, even when the methods are identical to those used in non-restoration terrestrial studies."
biological and ecological sciences,environmental DNA,"Environmental DNA is the study and application of genetic material shed by organisms into environmental samples such as water, soil, sediment, or air in order to detect species presence, community composition, and sometimes relative patterns of biodiversity without requiring direct capture or observation of organisms. It focuses on sampling design, DNA persistence and transport, detection probability, contamination control, assay performance, and inference from metabarcoding or species-specific assays across scales from site-level monitoring to landscape surveillance and across timescales shaped by DNA degradation and hydrologic or atmospheric transport. Common methods include filtration or sample collection, DNA extraction, quantitative PCR, digital PCR, metabarcoding, sequencing, and bioinformatic taxonomic assignment. Canonical topics include early detection of rare or invasive species, monitoring of aquatic vertebrates and invertebrates, occupancy modeling with imperfect detection, and interpretation of false positives or false negatives. This field is distinguished from genomic DNA studies, which typically analyze DNA obtained directly from organisms, tissues, or cells to address population genomics, heredity, or genome structure rather than DNA recovered indirectly from environmental media for detection and monitoring."
biological and ecological sciences,genomic DNA,"Genomic DNA is the study of organismal genetic material at the level of whole genomes or substantial genomic variation, focusing on inheritance, genetic diversity, genome structure, population structure, adaptation, phylogeny, gene flow, and molecular evolution using DNA obtained directly from tissues, cells, or cultured material. It operates across scales from genes and chromosomes to populations and species and across timescales from contemporary population processes to deep evolutionary history. Common methods include whole-genome sequencing, reduced-representation sequencing, SNP genotyping, comparative genomics, phylogenomics, population genetic analysis, and bioinformatic pipelines for alignment, variant calling, and annotation. Canonical topics include heterozygosity, genetic differentiation, linkage, local adaptation, effective population size, kinship, and demographic history. This field is distinguished from environmental DNA, which infers species occurrence or community composition from trace DNA in environmental samples, and from broader molecular biology fields that may focus on gene expression, proteins, or cell processes rather than genomic variation and inheritance."
geological and earth sciences,fire,"Fire is the field concerned with the occurrence, behavior, effects, and management of wildland or landscape fire as a physical, ecological, and socio-environmental process. It studies ignition, fuel properties, combustion, fire spread, fire severity, smoke production, fire weather, and interactions with vegetation, topography, climate, and human activity across scales from individual burns and fire fronts to regional fire regimes and long-term changes in disturbance patterns. Common data sources and methods include remote sensing of burn extent and severity, weather and fuel-moisture observations, fire behavior modeling, dendrochronology, landscape analysis, and post-fire ecological monitoring. Canonical topics include fire return interval, crown fire versus surface fire, prescribed burning, fuel treatments, wildfire risk, smoke impacts, and post-fire erosion or vegetation recovery. This field is distinguished from forestry or terrestrial ecology more broadly because it centers specifically on fire as a disturbance process, and from meteorology, which may analyze fire weather but does not focus on combustion, fuels, and fire effects as the primary subject."
geological and earth sciences,geology,"Geology is the study of the Earth’s solid materials, structures, history, and surface-shaping processes, including rocks, minerals, sediments, stratigraphy, tectonics, volcanism, geomorphology, and the geologic record through deep time. It examines how Earth materials form, deform, weather, erode, and accumulate across scales from mineral grains and outcrops to mountain belts, sedimentary basins, and plate boundaries and over timescales from contemporary surface processes to millions or billions of years. Common methods include field mapping, stratigraphic interpretation, petrography, sediment analysis, geochronology, structural analysis, and subsurface interpretation from cores or geophysical data. Canonical topics include faulting, folding, depositional environments, erosion, landslides, volcanic deposits, and basin evolution. This field is distinguished from geophysics, which infers Earth properties using physical measurements such as seismic or electromagnetic data, and from soils, which focuses on the biologically active weathered upper layer used by plants and land-surface processes."
geological and earth sciences,geophysics,"Geophysics is the study of the physical properties and processes of the Earth and subsurface using principles of physics to infer structure, composition, motion, and material behavior. It addresses phenomena such as seismic wave propagation, gravity anomalies, magnetic fields, electrical conductivity, heat flow, and deformation across scales from near-surface characterization to crustal and mantle structure and over timescales from real-time earthquakes to long-term tectonic processes. Common methods include seismology, ground-penetrating radar, electrical resistivity, electromagnetic surveys, gravity and magnetic surveys, geodesy, and inversion modeling to estimate subsurface properties from physical measurements. Canonical topics include earthquake mechanics, fault imaging, aquifer characterization, crustal structure, subsidence, and volcanic monitoring. This field is distinguished from geology, which more often emphasizes direct interpretation of rocks, stratigraphy, and Earth history, and from hydrology or groundwater studies, which focus on water movement rather than the broader physical characterization of Earth materials and processes."
geological and earth sciences,groundwater,"Groundwater is the field concerned with water stored and moving beneath the Earth’s surface in soils, sediments, and rock formations, emphasizing aquifer properties, recharge, discharge, flow paths, water availability, and interactions with surface water and ecosystems. It studies variables such as hydraulic head, hydraulic conductivity, storage, porosity, pumping rates, recharge rates, and contaminant transport across scales from pores and wells to aquifers, groundwater basins, and regional flow systems and over timescales from short-term pumping responses to long-term depletion or recovery. Common methods include well monitoring, pumping tests, tracer studies, groundwater modeling, hydrograph analysis, geochemical and isotopic tracing, and remote sensing of land subsidence or storage change. Canonical topics include overdraft, recharge, cones of depression, groundwater-surface water interaction, managed aquifer recharge, seawater intrusion, and contaminant plume migration. This field is distinguished from hydrology, which addresses the broader water cycle across atmosphere, land, and surface waters, and from geology or geophysics, which may characterize subsurface materials without focusing primarily on groundwater flow and storage. All studies of subsurface water — including groundwater quality, contamination, and chemical characteristics — belong in this field rather than in water quality, which covers surface water only."
geological and earth sciences,hydrology,"Hydrology is the science of the occurrence, movement, distribution, and storage of water within the Earth system, including precipitation, interception, evapotranspiration, snow accumulation and melt, infiltration, runoff, streamflow, soil moisture, and groundwater contributions across catchments, river networks, and landscapes. It examines water fluxes and storages over timescales from storms and seasons to interannual variability and long-term change and over scales from hillslopes and stream reaches to watersheds and river basins. Common methods include stream gaging, hydrograph analysis, water balance estimation, tracer studies, remote sensing, hydrologic modeling, flood-frequency analysis, and watershed experiments. Canonical topics include rainfall-runoff processes, peak flow generation, baseflow, routing, drought, flood hydrology, land-cover effects on runoff, and hydroclimatic variability. This field is distinguished from water resource engineering, which applies engineering principles to design and operate water infrastructure and management systems, from groundwater, snow, or water quality studies that focus more narrowly on particular water stores or properties rather than the broader movement of water through the hydrologic cycle, and from meteorology, which covers atmospheric processes — including atmospheric rivers, storms, and synoptic dynamics — that deliver precipitation to the land surface; studies whose primary subject is atmospheric moisture transport or precipitation generation belong in meteorology even when a watershed serves as the study area. For sediment and nutrient studies that span both fields, the tiebreaker is the primary question: if the paper asks how much moves and why (fluxes, transport, flow-driven processes), it is hydrology; if it asks what the concentrations are and how they affect water body condition or compliance, it is water quality."
geological and earth sciences,snow,"Snow is the field focused on the accumulation, distribution, physical properties, energy balance, and melt of seasonal snowpacks and related cryospheric processes, especially their role in climate, hydrology, hazards, and water supply. It studies variables such as snow water equivalent, depth, density, albedo, grain size, cold content, accumulation timing, and melt rates across scales from snow profiles and hillslopes to mountain ranges and regional snow climates and over timescales from individual storms to seasonal and interannual variability. Common methods include snow surveys, automated snow sensors, remote sensing, energy-balance modeling, snowpack evolution models, and runoff forecasting. Canonical topics include rain-on-snow events, snowmelt timing, avalanche conditions, snow drought, sublimation, and the partitioning of precipitation into rain versus snow. This field is distinguished from hydrology, which addresses the entire water cycle rather than the snowpack specifically, and from climatology, which may analyze long-term snow trends but does not center on snow physics and snowpack processes as the primary object of study."
geological and earth sciences,soils,"Soils is the field concerned with the formation, classification, physical structure, chemistry, biology, and function of the unconsolidated upper layer of the Earth that supports plant growth and regulates water, carbon, and nutrient cycling. It studies texture, structure, organic matter, mineral composition, bulk density, moisture, temperature, salinity, pH, microbial communities, and nutrient availability across scales from aggregates and horizons to fields, hillslopes, and landscapes and over timescales from short-term moisture dynamics to long-term pedogenesis. Common methods include soil coring and profile description, laboratory analysis, pedologic mapping, infiltration testing, remote sensing, and models of water or nutrient movement in soils. Canonical topics include soil fertility, erosion, salinization, carbon sequestration, infiltration capacity, soil moisture dynamics, and land-use effects on soil health. This field is distinguished from geology, which focuses on broader Earth materials and geologic history; from agronomy or hydrology, which may use soil information but do not center on soils themselves as the primary subject; and from geochemistry, which focuses on elemental and isotopic reactions in solid Earth materials — if a paper's primary focus is soil function, plant support, pedogenesis, or land-surface regulation of water and nutrients, it belongs here, but if the primary focus is geochemical element cycling, redox reactions, or isotopic signatures in soil minerals or sediments as Earth materials, it belongs in geochemistry."
geological and earth sciences,water quality,"Water quality is the field concerned with the physical, chemical, and biological characteristics of surface water and how those characteristics affect ecological condition, human use, and regulatory compliance in rivers, lakes, reservoirs, wetlands, and estuaries. It studies variables such as temperature, dissolved oxygen, pH, turbidity, salinity, nutrients, organic matter, sediments, pathogens, metals, and contaminants across scales from samples and reaches to entire water bodies and watersheds and over timescales from diel cycles and storm events to seasonal and long-term trends. Common methods include grab and continuous monitoring, laboratory chemistry, sensor networks, load estimation, mixing and fate-and-transport modeling, and assessment against standards or impairment thresholds. Canonical topics include eutrophication, hypoxia, salinity intrusion, algal blooms, sediment loads, pathogen contamination, and total maximum daily loads. This field is distinguished from aquatic toxicology, which focuses specifically on toxic effects of contaminants on organisms; from environmental engineering, which focuses on designing drinking water and wastewater treatment systems rather than characterizing ambient conditions; and from groundwater, which covers all subsurface water studies including groundwater quality and contamination regardless of whether the primary focus is flow or chemistry. For sediment and nutrient studies that span both fields, the tiebreaker is the primary question: if the paper focuses on fluxes, transport rates, and flow-driven processes, it belongs in hydrology; if it focuses on concentrations, impairment thresholds, and water-body condition or compliance, it belongs here."
geological and earth sciences,geochemistry,"Geochemistry is the study of the chemical composition of Earth materials and the processes that control the distribution, transformation, and cycling of elements and isotopes in rocks, minerals, soils, sediments, waters, and gases. It examines reactions such as weathering, dissolution, precipitation, adsorption, redox transformations, isotope fractionation, and element transport across scales from mineral surfaces and pores to aquifers, catchments, sediments, and global biogeochemical cycles and over timescales from reaction kinetics to geologic history. Common methods include elemental and isotopic analysis, mass spectrometry, thermodynamic speciation modeling, tracer studies, and interpretation of water-rock interaction. Canonical topics include nutrient and metal cycling, isotopic signatures of sources and processes, acid mine drainage, redox zonation, weathering fluxes, and geochemical fingerprinting of waters or sediments. This field is distinguished from geology, which focuses more broadly on Earth materials and history, and from water quality and groundwater, which address the status and management of water conditions rather than the chemical processes and elemental behavior of solid Earth materials. Geochemistry in this taxonomy covers solid-phase Earth materials — rocks, minerals, soils, and sediments — and the chemical reactions occurring within or between them. Studies whose primary subject is the chemical composition or quality of water itself (whether surface or subsurface) should be classified as water quality or groundwater respectively, even if geochemical methods such as isotope analysis are used as tools."
planning and social sciences ,environmental policy,"Environmental policy is the field concerned with the development, implementation, evaluation, and consequences of laws, regulations, institutions, and governance arrangements intended to manage environmental problems and natural resources. It examines how policy instruments such as standards, permits, incentives, markets, planning requirements, and public programs shape behavior and environmental outcomes across local, state, national, and international scales and over timescales from policy adoption to long-term institutional change. Common methods include policy analysis, legal and institutional review, comparative case studies, program evaluation, stakeholder analysis, and qualitative or mixed-method research. Canonical topics include regulatory design, compliance, implementation gaps, environmental governance, adaptive management institutions, public participation, and interactions among science, law, and decision-making. This field is distinguished from environmental justice, which centers inequitable distribution of environmental burdens, benefits, and participation, and from natural resource economics, which focuses on incentives, valuation, and efficiency rather than the broader architecture and implementation of policy institutions."
planning and social sciences ,land use,"Land use is the field concerned with how land is allocated, managed, modified, and governed for purposes such as agriculture, urban development, conservation, forestry, transportation, and resource extraction, and how those patterns affect environmental and social systems. It examines land-cover change, parcel use, zoning, development intensity, fragmentation, agricultural conversion, and human alteration of landscapes across scales from parcels and neighborhoods to regions and over timescales from project development to long-term landscape transformation. Common data sources and methods include land-cover maps, remote sensing, cadastral and zoning data, GIS analysis, scenario modeling, and spatial statistics. Canonical topics include urban expansion, habitat fragmentation, agricultural intensification, deforestation, impervious surface growth, and land-use change effects on runoff, biodiversity, and emissions. This field is distinguished from urban and regional planning, which focuses more broadly on planning processes, institutions, and design strategies, and from landscape ecology, hydrology, or climate adaptation studies that may analyze land use as a driver but do not center land allocation and change as the primary subject."
planning and social sciences ,watershed management ,"Watershed management is the field concerned with coordinated planning, governance, and intervention across an entire drainage basin to balance water supply, water quality, habitat, flood risk, land use, and human activities within a connected hydrologic landscape. It treats the watershed as the core management unit and emphasizes upstream-downstream linkages, cumulative impacts, source control, cross-jurisdictional coordination, and integrated actions affecting streams, floodplains, groundwater, land cover, and communities over scales from subwatersheds to large river basins and from project cycles to long-term stewardship. Common methods include watershed assessment, GIS and monitoring integration, stakeholder processes, prioritization frameworks, scenario evaluation, best management practice design, and adaptive management. Canonical topics include nonpoint source pollution control, integrated watershed plans, erosion and sediment management, riparian restoration, floodplain reconnection, and basin-scale coordination of water and habitat objectives. This field is distinguished from hydrology, which studies watershed processes as a science, and from water resource engineering, which focuses more narrowly on infrastructure design and operation rather than holistic basin governance and management."
planning and social sciences ,integrated socio-hydrologic systems,"Integrated socio-hydrologic systems is the field that studies coupled human-water systems in which hydrologic processes and human behavior, institutions, infrastructure, and decision-making interact dynamically and co-evolve over time. It examines feedbacks among streamflow, groundwater, storage, risk perception, land use, governance, economic behavior, water demand, and adaptation across scales from households and irrigation districts to watersheds, river basins, and regions and over timescales from seasonal management to multi-decadal social and hydrologic change. Common methods include coupled systems modeling, agent-based modeling, system dynamics, scenario analysis, integrated assessment, and mixed-method empirical studies linking hydrologic data with social, institutional, and economic information. Canonical topics include drought adaptation, floodplain development feedbacks, reservoir and irrigation management, path dependence, vulnerability, and unintended consequences of water policy or infrastructure. This field is distinguished from hydrology, which may model water movement without explicitly representing human feedbacks, and from environmental policy or economics, which study institutions and incentives without necessarily coupling them to dynamic hydrologic processes."
planning and social sciences ,natural resource economics,"Natural resource economics is the field that applies economic theory and empirical methods to the allocation, use, valuation, and management of natural resources and environmental goods, including water, land, forests, fisheries, energy resources, and ecosystem services. It examines scarcity, incentives, externalities, property rights, intertemporal tradeoffs, risk, market and nonmarket valuation, and policy design across scales from households and firms to sectors, regions, and economies and over timescales from short-run behavior to long-term resource depletion or restoration. Common methods include optimization, econometrics, cost-benefit analysis, stated and revealed preference valuation, production economics, and game-theoretic or dynamic models. Canonical topics include water pricing, ecosystem service valuation, common-pool resource management, resource rents, efficient allocation, discounting, and economic impacts of environmental regulation. This field is distinguished from environmental policy, which centers legal and institutional design more broadly, and from decision support or planning, which may use economic information but do not focus primarily on economic behavior, valuation, and efficiency."
planning and social sciences ,environmental justice,"Environmental justice is the field concerned with the unequal distribution of environmental harms, benefits, risks, protections, and decision-making power across communities, especially as structured by race, income, class, language, and historical patterns of exclusion and discrimination. It examines issues such as disproportionate exposure to pollution, flood risk, heat, displacement, infrastructure burdens, inequitable access to environmental amenities, procedural fairness in governance, and recognition of community knowledge across scales from neighborhoods and facilities to regions and national policy and over timescales spanning cumulative exposure and intergenerational inequality. Common methods include spatial equity analysis, demographic and exposure mapping, participatory research, policy analysis, community-based methods, and mixed-method studies of health, governance, and distributional outcomes. Canonical topics include cumulative burden screening, environmental racism, just distribution of adaptation benefits, procedural justice, and community participation in permitting or restoration decisions. This field is distinguished from environmental policy more broadly because inequity and justice are central rather than incidental, and from public health or planning studies that may address environmental conditions without making distributional and procedural justice the primary analytic frame."
planning and social sciences ,urban and regional planning,"Urban and regional planning is the field concerned with the long-range organization, design, regulation, and governance of cities, towns, metropolitan areas, and regions, including land use, housing, transportation, infrastructure, economic development, environmental protection, and community form. It examines spatial development patterns, growth management, zoning, public investment, hazard mitigation, infrastructure coordination, and stakeholder processes across scales from neighborhoods and corridors to metropolitan regions and multi-jurisdictional landscapes and over timescales from project review to long-term plans and regional visions. Common methods include plan analysis, GIS-based suitability and scenario modeling, demographic and economic forecasting, community engagement, policy design, and urban design or transportation integration. Canonical topics include comprehensive plans, smart growth, transit-oriented development, regional growth boundaries, housing allocation, resilience planning, and siting of public facilities. This field is distinguished from land use as a narrower focus on land allocation patterns alone, and from civil engineering, which provides technical infrastructure design rather than planning, governance, and spatial coordination at city and regional scales."
computer and information sciences,decision support,"Decision support is the field concerned with developing tools, frameworks, and analytical processes that help individuals, organizations, and governments make informed choices under uncertainty, especially where multiple objectives, constraints, stakeholders, and data sources must be integrated. It commonly includes decision support systems, dashboards, multicriteria analysis, optimization, structured decision-making, scenario planning, forecasting interfaces, and visualization tools operating across scales from project and facility decisions to basin, program, and policy choices and over timescales from real-time operations to long-term planning. Core elements include synthesizing evidence, representing uncertainty, comparing alternatives, eliciting preferences, and translating technical analysis into actionable information. Common methods include decision analysis, Bayesian approaches, operations research, multicriteria decision analysis, simulation, sensitivity analysis, and user-centered interface design. This field is distinguished from data science or machine learning, which focus on extracting patterns and predictions from data, and from policy or planning, which govern the substantive decisions themselves rather than the tools and processes used to support them."
education,STEM education,"STEM education is the field concerned with teaching, learning, curriculum, assessment, and participation in science, technology, engineering, and mathematics across formal and informal educational settings from K–12 through higher education, workforce training, and public engagement. It studies how learners develop conceptual understanding, quantitative reasoning, problem-solving ability, technical skills, identity, motivation, and persistence in STEM domains, as well as how instruction, curriculum, pedagogy, technology, and institutions shape those outcomes over timescales from individual lessons to educational trajectories. Common methods include classroom studies, curriculum design, assessment development, quasi-experiments, surveys, interviews, learning analytics, and education research frameworks. Canonical topics include inquiry-based learning, active learning, computational literacy, equity in STEM participation, teacher professional development, and evaluation of educational interventions. This field is distinguished from the scientific or engineering disciplines themselves because its primary subject is learning and teaching in STEM rather than generating domain knowledge about climate, ecology, engineering, or other substantive fields."
computer and information sciences,machine learning,"Machine learning is the field concerned with algorithms that learn patterns, representations, or decision rules from data in order to make predictions, classifications, recommendations, or other inferences without being explicitly programmed for each task. It includes supervised, unsupervised, semi-supervised, and reinforcement learning approaches operating across scales from small tabular datasets to large image, language, sensor, or graph datasets and from single predictive tasks to large foundation models. Common methods include regression and classification algorithms, decision trees, random forests, boosting, support vector machines, neural networks, deep learning, clustering, dimensionality reduction, feature engineering, cross-validation, and hyperparameter tuning. Canonical topics include model training, generalization, overfitting, embeddings, loss functions, explainability, and evaluation metrics such as accuracy, precision, recall, RMSE, or AUC. This field is distinguished from data science, which more broadly encompasses data cleaning, management, visualization, statistics, and domain interpretation around the analytical workflow, and from decision support, which uses model outputs to aid choices but does not center on the learning algorithms themselves."
computer and information sciences,data science,"Data science is the interdisciplinary field concerned with extracting insight, evidence, and practical value from data through the combined use of data management, cleaning, transformation, exploration, visualization, statistical analysis, modeling, computation, and communication. It spans the full analytical workflow from data acquisition and wrangling through exploratory analysis, feature creation, model development, uncertainty assessment, reproducible pipelines, and interpretation, across scales from small structured datasets to large heterogeneous data systems and from ad hoc analyses to production workflows. Common methods include database querying, ETL, visualization, summary statistics, statistical inference, machine learning, workflow automation, version control, and reproducible research practices. Canonical topics include data quality, missingness, data integration, exploratory data analysis, predictive modeling, dashboards, and analytical pipelines. This field is distinguished from machine learning, which is a narrower subfield focused on learning algorithms, and from software engineering or decision support, which focus respectively on building robust software systems or supporting decisions rather than the broader end-to-end practice of working with data."
climate change science and adaptation,climate risk and adaptation planning,"Climate risk and adaptation planning is the field concerned with identifying, assessing, prioritizing, and planning responses to risks posed by climate variability and climate change to human and natural systems. It examines hazards such as extreme heat, flooding, drought, wildfire, sea-level rise, changing snowpack, and ecosystem shifts; exposures of infrastructure, communities, and resources; vulnerabilities shaped by physical, social, and institutional factors; and adaptation actions over planning horizons ranging from near-term operations to multi-decadal future scenarios and across scales from facilities and communities to regions and sectors. Common methods include climate scenario analysis, vulnerability assessment, risk assessment, adaptation pathways, resilience planning, stakeholder engagement, and integration of downscaled climate information with infrastructure, ecological, or socioeconomic data. Canonical topics include sea-level rise adaptation, heat action planning, drought contingency planning, managed retreat, resilience metrics, and no-regret or robust adaptation strategies. This field is distinguished from climatology, which characterizes climate behavior itself, and from environmental policy or urban planning more broadly because its primary focus is specifically on planning for climate-related risk reduction and adaptation under uncertain future conditions."
climate change science and adaptation,greenhouse gas management,"Greenhouse gas management is the field concerned with quantifying, reducing, monitoring, and governing emissions and removals of climate-forcing gases such as carbon dioxide, methane, nitrous oxide, and fluorinated gases across sectors, organizations, products, and landscapes. It studies emissions sources, sinks, accounting boundaries, inventories, mitigation measures, reporting frameworks, and verification across scales from facilities and projects to corporate portfolios, supply chains, jurisdictions, and national inventories and over timescales from annual reporting to long-term decarbonization trajectories. Common methods include emissions inventory development, lifecycle assessment, protocol-based accounting, emissions factors, measurement and monitoring, scenario analysis, and evaluation of mitigation strategies such as electrification, efficiency, methane control, carbon sequestration, or offset programs. Canonical topics include Scope 1, 2, and 3 emissions, carbon accounting, net-zero strategies, baseline setting, additionality, and MRV (measurement, reporting, and verification). This field is distinguished from climate policy, which addresses broader regulatory and institutional structures, and from energy studies, which focus on the operation and design of energy systems rather than emissions accounting and mitigation management across sectors."