raw,canonical
École Normale Supérieure de Lyon,École Normale Supérieure de Lyon
École Polytechnique Fédérale de Lausanne,École Polytechnique Fédérale de Lausanne
"Écosystèmes, Biodiversité, Évolution","Écosystèmes, Biodiversité, Évolution"
34North,34North
A. O. Kovalevsky Institute of Biology of the Southern Seas,A. O. Kovalevsky Institute of Biology of the Southern Seas
Aalborg University,Aalborg University
Aarhus Universitet,Aarhus University
"Academia Sinica, Research Center for Environmental Changes",Academia Sinica
AECOM Technology Corporation,AECOM
Agencia Estatal de Meteorología,Agencia Estatal de Meteorología
Agrometeorological Research Center,Agrometeorological Research Center
Agroscope,Agroscope
Agua DB Ltd.,Agua DB Ltd.
Akima Systems Engineering,Akima Systems Engineering
Alabama Water Institute,Alabama Water Institute
Alameda Flood Control District,Alameda Flood Control District
Allensworth Progressive Association,Allensworth Progressive Association
Alliance for Global Water Adaptation,Alliance for Global Water Adaptation
Alma Mater Studiorum Università di Bologna,Alma Mater Studiorum Università di Bologna
"Altai State University, Barnaul","Altai State University, Barnaul"
AMERICAN RIVERS INC,American Rivers
"Analytical Imaging and Geophysics, LLC","Analytical Imaging and Geophysics, LLC"
Anchor QEA,Anchor QEA
"Anchor QEA, LLC",Anchor QEA
Antioch University New England,Antioch University New England
AquaMem Consultants,AquaMem Consultants
Aquastill BV.,Aquastill BV
Arba Minch College of Health Sciences,Arba Minch College of Health Sciences
Arcadia High School,Arcadia High School
Arcadis,Arcadis
Argonne National Laboratory,Argonne National Laboratory
Arizona Department of Water Resources,Arizona Department of Water Resources
Arizona State University,Arizona State University
Ira A. Fulton Schools of Engineering,Arizona State University
School of Earth and Space Exploration,Arizona State University
Aspen Global Change Institute,Aspen Global Change Institute
"ATSI, Inc.","ATSI, Inc."
ATUK Consultoría Estratégica,ATUK Consultoría Estratégica
Samuel Ginn College of Engineering,Auburn University
Audubon Canyon Ranch,Audubon Canyon Ranch
Australian Antarctic Division,Australian Antarctic Division
Australian Museum,Australian Museum
The Australian National University,Australian National University
Avocet Research Associates,Avocet Research Associates
Bachand and Associates,Bachand and Associates
Balaton Limnological Research Institute,Balaton Limnological Research Institute
Bay Area Environmental Research Institute,Bay Area Environmental Research Institute
Beijing Metstar Radar Co. Ltd.,Beijing Metstar Radar Co. Ltd.
Beijing Normal University,Beijing Normal University
Ben-Gurion University of the Negev,Ben-Gurion University of the Negev
Bend Genetics,Bend Genetics
Benedictine College,Benedictine College
Berkeley Food Institute,Berkeley Food Institute
Bill & Melinda Gates Foundation,Bill & Melinda Gates Foundation
Biological Consultant,Biological Consultant
Biotelemetry Consultants,Biotelemetry Consultants
Now at Blue Forest,Blue Forest
Blue Forest Conservation,Blue Forest Conservation
Bodega Marine Laboratory,Bodega Marine Laboratory
Boise State University,Boise State University
BOKU University,BOKU University
Boyle Engineering Corporation,Boyle Engineering Corporation
Brigham and Women's Hospital,Brigham and Women's Hospital
British Antarctic Survey,British Antarctic Survey
British Telecommunications plc,British Telecommunications PLC
Broadview Water District,Broadview Water District
Bronx Community College,Bronx Community College
Brown and Caldwell,Brown and Caldwell
BUENA VISTA WATER STORAGE DISTRICT,Buena Vista Water Storage District
Institute of Chemical Engineering Bulgarian Academy of Sciences,Bulgarian Academy of Sciences
Bureau of Meteorology Australia,Bureau of Meteorology Australia
Burns and Roe Services Corp,Burns and Roe Services Corporation
Cabrillo College,Cabrillo College
Faculty of Engineering,Cairo University
"Faculty of Engineering, Cairo University",Cairo University
California Academy of Sciences,California Academy of Sciences
California Association of Resource Conservation Districts,California Association of Resource Conservation Districts
CALFED Bay-Delta Program,California Bay-Delta Authority
California Bay-Delta Authority,California Bay-Delta Authority
California Botanic Garden,California Botanic Garden
Beaver Restoration and Nutria Eradication Program,California Department of Fish and Wildlife
CALIFORNIA DEPARTMENT OF FISH & WILDLIFE,California Department of Fish and Wildlife
California Department of Fish and Game,California Department of Fish and Wildlife
CALIFORNIA DEPARTMENT OF FISH AND WILDLIFE,California Department of Fish and Wildlife
California Department of Fish and Wildlife,California Department of Fish and Wildlife
California of Department of Fish and Game,California Department of Fish and Wildlife
Region 3 Bay-Delta Stockton IEP Office,California Department of Fish and Wildlife
Wildlife Health Laboratory,California Department of Fish and Wildlife
California State Parks,California Department of Parks and Recreation
California Department of Transportation,California Department of Transportation
California Department of Water Resources,California Department of Water Resources
California State Dep of Water Resources,California Department of Water Resources
California Farmer Justice Collaborative,California Farmer Justice Collaborative
California Geological Survey,California Geological Survey
California Institute of Technology,California Institute of Technology
California Natural Resources Agency,California Natural Resources Agency
"RESOURCES AGENCY, CALIFORNIA",California Natural Resources Agency
Community and Environmental Epidemiology Research Branch,California Office of Environmental Health Hazard Assessment
"California Polytechnic State University, San Luis Obispo","California Polytechnic State University, San Luis Obispo"
California Regional Water Quality Control Board,California Regional Water Quality Control Board
California Rice Commission,California Rice Commission
California Sea Grant Fellowship,California Sea Grant
"California State Polytechnic University, Humboldt","California State Polytechnic University, Humboldt"
"California State University, Bakersfield","California State University, Bakersfield"
"California State University, Chico","California State University, Chico"
"California State University, East Bay","California State University, East Bay"
"California State University, Fresno","California State University, Fresno"
Lyles College of Engineering,"California State University, Fresno"
"California State University, Fullerton","California State University, Fullerton"
"California State University, Long Beach","California State University, Long Beach"
"California State University, Monterey Bay","California State University, Monterey Bay"
"California State University, Sacramento","California State University, Sacramento"
"California State University, San Bernardino","California State University, San Bernardino"
California State University San Marcos,"California State University, San Marcos"
"California State University, Stanislaus","California State University, Stanislaus"
California State Water Resources Control Board,California State Water Resources Control Board
California Strategic Growth Council,California Strategic Growth Council
CALIFORNIA TROUT,California Trout
"CALIFORNIA TROUT, INC.",California Trout
CALIFORNIA WATERFOWL ASSOCIATION,California Waterfowl Association
Camalie Networks,Camalie Networks
Capital Normal University,Capital Normal University
Cardiff University,Cardiff University
Carleton University,Carleton University
Carlos H. Parra and Inc.,Carlos H. Parra and Inc.
Carnegie Mellon University,Carnegie Mellon University
"Carnegie Museum of Natural History, Pittsburgh",Carnegie Museum of Natural History
Institute of Ecosystem Studies,Cary Institute of Ecosystem Studies
Cawthron,Cawthron Institute
CDM Smith Inc.,CDM Smith
Ceará Meteorology and Water Resources Foundation (FUNCEME),Ceará Meteorology and Water Resources Foundation (FUNCEME)
Central California Environmental Justice Network,Central California Environmental Justice Network
Central European University,Central European University
Central Michigan University,Central Michigan University
Central Valley Children's Partnership,Central Valley Children's Partnership
Central Valley Joint Venture,Central Valley Joint Venture
Central Valley Leadership Round Table,Central Valley Leadership Round Table
Central Valley Regional Water Quality Control Board,Central Valley Regional Water Quality Control Board
"Centre D'Etudes Nordiques, Rimouski","Centre D'Etudes Nordiques, Rimouski"
Centre for Advanced Process Technology for Urban Resource Recovery (CAPTURE),Centre for Advanced Process Technology for Urban Resource Recovery
CNES Centre National d'Etudes Spatiales,Centre National d'Etudes Spatiales
CNRS Centre National de la Recherche Scientifique,Centre National de la Recherche Scientifique
Centro de Ciencia del Clima y la Resiliencia (CR)2,Centro de Ciencia del Clima y la Resiliencia
Centro de Investigación en Ecosistemas de la Patagonia,Centro de Investigación en Ecosistemas de la Patagonia
Centro de Investigación Esquel de Montaña y Estepa Patagónica,Centro de Investigación Esquel de Montaña y Estepa Patagónica
Centro de Investigacion Cientifica y de Educacion Superior de Ensenada,Centro de Investigacion Cientifica y de Educacion Superior de Ensenada
"Centro Euro-Mediterraneo sui Cambiamenti Climatici, Sassari",Centro Euro-Mediterraneo sui Cambiamenti Climatici
Centro Nacional de Supercomputación,Centro Nacional de Supercomputación
CH2M Hill Inc,CH2M Hill
CH2M Hill Incorporated USA,CH2M Hill
Chapman University,Chapman University
Chesapeake Bay National Estuarine Research Reserve in Virginia,Chesapeake Bay National Estuarine Research Reserve
Cheva Consulting LLC,Cheva Consulting
CHI Environmental Engineering Corp,CHI Environmental Engineering Corp
Chiba University,Chiba University
Chicago Botanic Garden,Chicago Botanic Garden
China Agricultural University,China Agricultural University
China National Botanical Garden,China National Botanical Garden
China University of Geosciences,China University of Geosciences
"China University of Mining & Technology, Beijing",China University of Mining and Technology
Chinese Academy of Agricultural Sciences,Chinese Academy of Agricultural Sciences
Aerospace Information Research Institute,Chinese Academy of Sciences
Chinese Academy of Sciences,Chinese Academy of Sciences
Cold and Arid Regions Environmental and Engineering Research Institute Chinese Academy of Sciences,Chinese Academy of Sciences
Institute of Atmospheric Physics Chinese Academy of Sciences,Chinese Academy of Sciences
"Institute of Botany, Chinese Academy of Sciences",Chinese Academy of Sciences
"Institute of Hydrobiology, Chinese Academy of Sciences",Chinese Academy of Sciences
Chinese Academy of Tropical Agricultural Sciences,Chinese Academy of Tropical Agricultural Sciences
Chinese University of Hong Kong,Chinese University of Hong Kong
Chosun College of Science and Technology,Chosun College of Science and Technology
CIEMAT-Plataforma Solar de Almería,CIEMAT-Plataforma Solar de Almería
CIIMAR - Interdisciplinary Centre of Marine and Environmental Research,CIIMAR Interdisciplinary Centre of Marine and Environmental Research
CIMA Research Foundation,CIMA Research Foundation
City of Roseville,City of Roseville
"SAN DIEGO, CITY OF",City of San Diego
CITY OF WALNUT CREEK,City of Walnut Creek
The City University of New York,City University of New York
"College of Engineering, Computing and Applied Sciences",Clemson University
Climate Central,Climate Central
Colby College,Colby College
Collaborative Fisheries Research West,Collaborative Fisheries Research West
Collier Consulting,Collier Consulting
Colorado School of Mines,Colorado School of Mines
Colorado State University,Colorado State University
Colorado State University System,Colorado State University
Cooperative Institute for Research in the Atmosphere,Colorado State University
"Walter Scott, Jr. College of Engineering",Colorado State University
Warner College of Natural Resources,Colorado State University
Columbia River Inter-Tribal Fish Commission,Columbia River Inter-Tribal Fish Commission
Columbia University,Columbia University
International Research Institute for Climate and Society,Columbia University
Lamont-Doherty Earth Observatory,Columbia University
The Fu Foundation School of Engineering and Applied Science,Columbia University
Commonwealth Scientific and Industrial Research Organisation,Commonwealth Scientific and Industrial Research Organisation
Community Alliance with Family Farmers,Community Alliance with Family Farmers
Community Water Center,Community Water Center
"Condor Earth Technologies, Inc.",Condor Earth Technologies
Connecticut Agricultural Experiment Station,Connecticut Agricultural Experiment Station
Consejo Nacional de Investigaciones Científicas y Técnicas,Consejo Nacional de Investigaciones Científicas y Técnicas
Consejo Superior de Investigaciones Científicas,Consejo Superior de Investigaciones Científicas
Conservation Biology Institute,Conservation Biology Institute
Conservation International,Conservation International
Conservation Science Partners,Conservation Science Partners
Consiglio Nazionale delle Ricerche,Consiglio Nazionale delle Ricerche
Consortium of Universities for the Advancement of Hydrologic Science,Consortium of Universities for the Advancement of Hydrologic Science
Consultant,Consultant
Consulting Environmental Biologist,Consulting Environmental Biologist
Contra Costa Water District,Contra Costa Water District
Cornell,Cornell University
Cornell Atkinson Center for Sustainability,Cornell University
Cornell University,Cornell University
Cornell University College of Engineering,Cornell University
Cramer Fish Sciences,Cramer Fish Sciences
Cramer Fish Sciences-Genidaqs,Cramer Fish Sciences
Davids Engineering,Davids Engineering
Delft University of Technology,Delft University of Technology
"Department of Hydraulic Engineering, TU Delft",Delft University of Technology
Delta Science Program,Delta Stewardship Council
Delta Stewardship Council,Delta Stewardship Council
Delta Waterfowl Foundation,Delta Waterfowl Foundation
Deltares,Deltares
Deltares USA,Deltares
Desert Research Institute,Desert Research Institute
Desert Research Institute Las Vegas,Desert Research Institute
Desert Research Institute Reno,Desert Research Institute
"Desert Research Institute Reno, Division of Atmospheric Sciences",Desert Research Institute
Deutscher Wetterdienst,Deutscher Wetterdienst
Digamma.ai,Digamma.ai
The Academy of Natural Sciences of Drexel University,Drexel University
Dubois Chemicals,Dubois Chemicals
Ducks Unlimited,Ducks Unlimited
Ducks Unlimited Canada,Ducks Unlimited
Duke University,Duke University
East Bay Municipal Utility District,East Bay Municipal Utility District
East China University of Science and Technology,East China University of Science and Technology
EASTERN MUNICIPAL WATER DISTRICT,Eastern Municipal Water District
Eawag - Swiss Federal Institute of Aquatic Science and Technology,Eawag - Swiss Federal Institute of Aquatic Science and Technology
"Ecolotree, Inc.","Ecolotree, Inc."
Ecometric Research,Ecometric Research
Ecometric Research Vancouver,Ecometric Research
"ECORP CONSULTING, INC.","Ecorp Consulting, Inc."
Ecosystem Investment Partners,Ecosystem Investment Partners
Edith Cowan University,Edith Cowan University
The Edward Via College of Osteopathic Medicine,Edward Via College of Osteopathic Medicine
"Electric Power Research Institute, Inc",Electric Power Research Institute
Elkhorn Slough National Estuarine Research Reserve,Elkhorn Slough National Estuarine Research Reserve
"Embry-Riddle Aeronautical University, Prescott",Embry-Riddle Aeronautical University
Emory University School of Medicine,Emory University School of Medicine
"Energy and Environmental Economics, Inc.","Energy and Environmental Economics, Inc."
Center for Scientific Research and Higher Education,Ensenada Center for Scientific Research and Higher Education
Environment and Climate Change Canada,Environment and Climate Change Canada
Environmental Defense Fund,Environmental Defense Fund
Environmental Science Associates,Environmental Science Associates
ERA Economics,ERA Economics
"Erler and Kalinowski, Inc.","Erler and Kalinowski, Inc."
ESSA Technologies Ltd.,ESSA Technologies Ltd.
ETH Zürich,ETH Zürich
European Centre for Medium-Range Weather Forecasts,European Centre for Medium-Range Weather Forecasts
European Space Agency - ESA,European Space Agency
Ewha Womans University,Ewha Womans University
Feather River Coordinated Resource Management,Feather River Coordinated Resource Management
"Federal University of Agriculture, Abeokuta","Federal University of Agriculture, Abeokuta"
"Federal University of Technology, Akure","Federal University of Technology, Akure"
"Federal University of Technology, Minna","Federal University of Technology, Minna"
Ferdowsi University of Mashhad,Ferdowsi University of Mashhad
Finnish Meteorological Institute,Finnish Meteorological Institute
First Street,First Street Foundation
Fish Metrics,Fish Metrics
FISHBIO,FISHBIO
"Pacific Biological Station, Fisheries and Oceans Canada",Fisheries and Ocean Canada
Fisheries and Oceans Canada,Fisheries and Oceans Canada
Fondazione Centro Euro-Mediterraneo sui Cambiamenti Climatici,Fondazione Centro Euro-Mediterraneo sui Cambiamenti Climatici
Forest Trends,Forest Trends
Foshan Emergency Early Warning Release Center,Foshan Emergency Early Warning Release Center
Foshan Tornado Research Center,Foshan Tornado Research Center
Free University of Bozen-Bolzano,Free University of Bozen-Bolzano
Freie Universität Berlin,Freie Universität Berlin
Fudan University,Fudan University
Fugro,Fugro
Fundacao Getulio Vargas,Fundacao Getulio Vargas
Fundacao Universidade Federal de Rondonia,Fundacao Universidade Federal de Rondonia
GEI Consultants,GEI Consultants
GEI Consultants Inc,GEI Consultants
GenKnowme S.A.,GenKnowme S.A.
Geomatrix Consultants,Geomatrix Consultants
GeoPentech,GeoPentech
George Mason University,George Mason University
Georgia Tech University,Georgia Institute of Technology
Geoscience Support Services,Geoscience Support Services
"Geosyntec Consultants, Inc.",Geosyntec Consultants
GeoVit Vineyard Services,GeoVit Vineyard Services
German Environment Agency,German Environment Agency
GFZ Helmholtz Centre for Geosciences,GFZ German Research Centre for Geosciences
GNS Science,GNS Science
Google LLC,Google
GRASSLAND WATER DIST,Grassland Water District
Green Lake National Fish Hatchery,Green Lake National Fish Hatchery
GreenLatinos,GreenLatinos
GreenWater Laboratories,GreenWater Laboratories
Gwangju Institute of Science and Technology,Gwangju Institute of Science and Technology
H.T. Harvey & Associates,H.T. Harvey & Associates
HabitatSeven Inc.,HabitatSeven Inc.
Hacettepe Üniversitesi,Hacettepe Üniversitesi
Hainan University,Hainan University
Hangzhou Meteorological Bureau,Hangzhou Meteorological Bureau
Hanyang University,Hanyang University
Harvard Medical School,Harvard Medical School
Harvard T.H. Chan School of Public Health,Harvard T.H. Chan School of Public Health
Harvard Forest,Harvard University
Harvard University,Harvard University
Hashemite University,Hashemite University
Haskoli Islands,Haskoli Islands
Hawaiʻi Institute of Marine Biology,Hawaiʻi Institute of Marine Biology
Hawai'i Pacific University,Hawaiʻi Pacific University
Hebrew University of Jerusalem,Hebrew University of Jerusalem
Helmholtz Zentrum für Umweltforschung,Helmholtz Centre for Environmental Research
Hohai University,Hohai University
Hokkaido University,Hokkaido University
Hong Kong Baptist University,Hong Kong Baptist University
Hong Kong University of Science and Technology,Hong Kong University of Science and Technology
HR Wallingford,HR Wallingford
Hubei Luojia Laboratory,Hubei Luojia Laboratory
Huizhou University,Huizhou University
Humboldt-Universität zu Berlin,Humboldt-Universität zu Berlin
Hydration Technology Innovations,Hydration Technology Innovations
Hydro Tasmania,Hydro Tasmania
"Hydroacoustic Technology, Inc.","Hydroacoustic Technology, Inc."
"HydroFocus, Inc.",HydroFocus
Hydrologic Solutions Limited,Hydrologic Solutions Limited
"HydroQual, Inc.",HydroQual
ICF International Inc.,ICF International
Idaho Department of Water Resources,Idaho Department of Water Resources
Idaho Department OfWater Resources,Idaho Department of Water Resources
"IGAD Climate Prediction and Applications Centre, Kenya",IGAD Climate Prediction and Applications Centre
IHE Delft Institute for Water Education,IHE Delft Institute for Water Education
Illinois State Geological Survey,Illinois State Geological Survey
Illinois State Water Survey,Illinois State Water Survey
Illinois Sustainable Technology Center,Illinois Sustainable Technology Center
Imperial College London,Imperial College London
Independent Researcher,Independent Researcher
Independent Science Education Consultant,Independent Science Education Consultant
Indian Institute of Technology Bombay,"Indian Institute of Technology, Bombay"
Indian Institute of Technology Madras,"Indian Institute of Technology, Madras"
Indiana University Bloomington,"Indiana University, Bloomington"
Indiana University-Purdue University Indianapolis,"Indiana University, Indianapolis"
"InfraTerra, Inc.","InfraTerra, Inc."
Innovyze,Innovyze
Institut de Recerca I Technologia Agroalimentaries,Institut de Recerca I Technologia Agroalimentaries
Institut für Atmosphäre und Klima,Institut für Atmosphäre und Klima
"Institut Universitaire de Pathologie, Lausanne",Institut Universitaire de Pathologie
"Institute for Agro-Environmental Sciences, NARO","Institute for Agro-Environmental Sciences, NARO"
Institute for Applied Sustainability Research,Institute for Applied Sustainability Research
"Institute for Basic Science, Daejeon",Institute for Basic Science
Institute for Marine and Antarctic Studies,Institute for Marine and Antarctic Studies
"Instituto Argentino de Nivologia, Glaciologia y Ciencias Ambientales","Instituto Argentino de Nivología, Glaciología y Ciencias Ambientales"
CSIC - Instituto de Agricultura Sostenible (IAS),Instituto de Agricultura Sostenible
Instituto de Biodiversidad Neotropical,Instituto de Biodiversidad Neotropical
CSIC-UC - Instituto de Física de Cantabria (IFCA),Instituto de Física de Cantabria
Instituto Nacional de Investigación Agropecuaria – INIA Uruguay,Instituto Nacional de Investigación Agropecuaria
Instituto Nacional de Pesquisas Da Amazonia,Instituto Nacional de Pesquisas Da Amazonia do Brasil
Instituto Nacional de Pesquisas Espaciais,Instituto Nacional de Pesquisas Espaciais do Brasil
Instituto Venezolano de Investigaciones Científicas,Instituto Venezolano de Investigaciones Científicas
Inter-American Development Bank,Inter-American Development Bank
INTERA Incorporated,INTERA Incorporated
Interaction Sol Plante Atmosphère,Interaction Sol Plante Atmosphère
Bay-Delta IEP,Interagency Ecological Program
Interagency Ecological Program,Interagency Ecological Program
IAEA Marine Environment Laboratory Monaco,International Atomic Energy Agency
International Center for Agricultural Research in Dry Areas (ICARDA),International Center for Agricultural Research in the Dry Areas
International Center for Agricultural Research in the Dry Areas Syria,International Center for Agricultural Research in the Dry Areas
International Centre for Integrated Mountain Development Nepal,International Centre for Integrated Mountain Development
International Livestock Research Institute Nairobi,International Livestock Research Institute
International Union for Conservation of Nature and Natural Resources,International Union for Conservation of Nature
International Water Management Institute (IWMI) Colombo,International Water Management Institute
Inyo County Water Department,Inyo County Water Department
Iowa State University,Iowa State University
İstanbul Teknik Üniversitesi,Istanbul Technical University
Jacobs Engineering Group Inc.,Jacobs Engineering Group
Jahangirnagar University,Jahangirnagar University
James Cook University,James Cook University
James Madison University,James Madison University
Jennifer Krebs Environmental Planning,Jennifer Krebs Environmental Planning
Jiangxi Normal University,Jiangxi Normal University
Jimma University,Jimma University
Johann Heinrich von Thünen Institute,Johann Heinrich von Thünen Institute
Johannes Gutenberg-Universität Mainz,Johannes Gutenberg-Universität Mainz
John Carroll University,John Carroll University
Johns Hopkins University Applied Physics Laboratory,Johns Hopkins University
NASA Johnson Space Center,Johnson Space Center
Joint Center for Global Change Studies,Joint Center for Global Change Studies
Jonah Ventures,Jonah Ventures
Kansas Department of Health and Environment,Kansas Department of Health and Environment
Carl R. Ice College of Engineering,Kansas State University
Kansas State University,Kansas State University
Karlsruher Institut für Technologie,Karlsruhe Institute of Technology
KARUK TRIBE OF CALIFORNIA,Karuk Tribe of California
Kathmandu University,Kathmandu University
Kearns & West,Kearns & West
Kennedy Communications,Kennedy Communications
Kennedy and Jenks Consultants,Kennedy Jenks Consultants
Kentucky Geological Survey,Kentucky Geological Survey
Kenya Meteorological Department,Kenya Meteorological Department
Kenyon College,Kenyon College
Khalifa University,Khalifa University
King Abdullah University of Science and Technology,King Abdullah University of Science and Technology
King Faisal University,King Faisal University
King Saud University,King Saud University
King's College London,King's College London
Koç University,Koç University
Korea Institute of Civil Engineering and Building Technology (KICT),Korea Institute of Civil Engineering and Building Technology
Korea Meteorological Administration,Korea Meteorological Administration
National Meteorological Satellite Center,Korea Meteorological Administration
Korea Polar Research Institute,Korea Polar Research Institute
K-water Institute,Korea Water Resources Corporation
Korea Water Resources Corporation,Korea Water Resources Corporation
Kumamoto University,Kumamoto University
Kyoto University,Kyoto University
Laboratoire d'Ecologie des Hydrosystèmes Naturels et Anthropisés (LEHNA),Laboratoire d'Ecologie des Hydrosystèmes Naturels et Anthropisés (LEHNA)
Lake County Water Resources Department,Lake County Water Resources Department
Lancaster Environment Centre,Lancaster Environment Centre
Lanzhou University,Lanzhou University
Lawrence Berkeley National Laboratory,Lawrence Berkeley National Laboratory
Lawrence Livermore National Laboratory,Lawrence Livermore National Laboratory
Lehigh University,Lehigh University
Leibniz-Institute of Freshwater Ecology and Inland Fisheries,Leibniz Institute of Freshwater Ecology and Inland Fisheries
The Libyan Center for Sustainable Development Research,Libyan Center for Sustainable Development Research
Local Government Commission,Local Government Commission
Los Alamos National Laboratory,Los Alamos National Laboratory
Louisiana Coastal Protection and Restoration Authority,Louisiana Coastal Protection and Restoration Authority
Louisiana State University,Louisiana State University
Lunds Universitet,Lunds Universitet
"Luther College, Decorah",Luther College
Luxembourg Institute of Science and Technology,Luxembourg Institute of Science and Technology
Météo France,Météo France
Macalester College,Macalester College
Madison Area Technical College,Madison Area Technical College
Maine College of Engineering and Computing,Maine College of Engineering and Computing
Malaysia| Sarawak Tropical Peat Research Institute,Malaysia| Sarawak Tropical Peat Research Institute
Marine and Freshwater Research Institute,Marine and Freshwater Research Institute
Marine Biological Laboratory,Marine Biological Laboratory
The Marine Mammal Center,Marine Mammal Center
Maryland Department of Natural Resources,Maryland Department of Natural Resources
Massachusetts Institute of Technology,Massachusetts Institute of Technology
MIT School of Engineering,Massachusetts Institute of Technology
Massey University,Massey University
Max Planck Institute for Biogeochemistry,Max Planck Institute for Biogeochemistry
Maynooth University,Maynooth University
McGovern Institute,McGovern Institute
McGurk Hydrologic,McGurk Hydrologic
"Membrane Technology & Research, Inc.","Membrane Technology and Research, Inc."
Metropolitan Water District of Southern California,Metropolitan Water District of Southern California
"Michael Thomas Group, Inc.","Michael Thomas Group, Inc."
Michigan State University,Michigan State University
Middle East Technical University (METU),Middle East Technical University
Ministry of Agriculture of the People's Republic of China,Ministry of Agriculture of the People's Republic of China
Ministry of Agriculture of the Republic of Kazakhstan,Ministry of Agriculture of the Republic of Kazakhstan
Minnesota Department of Agriculture,Minnesota Department of Agriculture
Nongame Wildlife Program,Minnesota Department of Natural Resources
College of Forest Resources,Mississippi State University
Mississippi State University,Mississippi State University
Montana State University,Montana State University
Monterey Bay Aquarium,Monterey Bay Aquarium
Monterey Bay Aquarium Research Institute,Monterey Bay Aquarium
Moss Landing Marine Laboratories,Moss Landing Marine Laboratories
Mount San Antonio College,Mount San Antonio College
Multimedia Envirosoft Corp.,Multimedia Envirosoft Corporation
Museum Victoria,Museum Victoria
"MWH Global, Inc.","MWH Global, Inc."
Nanjing Agricultural University,Nanjing Agricultural University
"Key Laboratory of Virtual Geographic Environment, Ministry of Education",Nanjing Normal University
Nanjing Normal University,Nanjing Normal University
Jet Propulsion Laboratory,National Aeronautics and Space Administration
NASA Ames Research Center,National Aeronautics and Space Administration
NASA Goddard Space Flight Center,National Aeronautics and Space Administration
NASA Marshall Space Flight Center,National Aeronautics and Space Administration
National Aeronautics and Space Administration,National Aeronautics and Space Administration
"National Agriculture and Food Research Organization, NARO",National Agriculture and Food Research Organization
National and Kapodistrian University of Athens,National and Kapodistrian University of Athens
National Antarctic Scientific Center of Ukraine,National Antarctic Scientific Center of Ukraine
National Center for Agro Meteorology,National Center for Agrometeorology
National Center for Atmospheric Research,National Center for Atmospheric Research
National Central University,National Central University
National Ecological Observatory Network,National Ecological Observatory Network
National Geographic Society,National Geographic Society
National Hydraulic Research Institute of Malaysia,National Hydraulic Research Institute of Malaysia
National Institute for Research in Computer Science and Automation (INRIA),National Institute for Research in Computer Science and Automation
National Institute of Water and Atmospheric Research,National Institute of Water and Atmospheric Research
National Laboratory of the Rockies,National Laboratory of the Rockies
National Marine Environmental Forecasting Center,National Marine Environmental Forecasting Center
NOAA Earth System Research Laboratory,National Marine Fisheries Service
NOAA National Marine Fisheries Program,National Marine Fisheries Service
NOAA National Marine Fisheries Service,National Marine Fisheries Service
NOAA National Marine Fisheries Service Northeast Fisheries Science Center,National Marine Fisheries Service
NOAA National Marine Fisheries Service Southwest Regional Office,National Marine Fisheries Service
NOAA Northwest Fisheries Science Center,National Marine Fisheries Service
National Oceanic and Atmospheric Administration,National Oceanic and Atmospheric Administration
National Weather Service Los Angeles,National Oceanic and Atmospheric Administration
NOAA Pacific Marine Environmental Laboratory,National Oceanic and Atmospheric Administration
NOAA/California Nevada River Forecast Center,National Oceanic and Atmospheric Administration
NOAA/National Centers for Environmental Information,National Oceanic and Atmospheric Administration
NOAA/NWS,National Oceanic and Atmospheric Administration
National Park Service,National Park Service
Yosemite National Park,National Park Service
National Snow and Ice Data Center,National Snow and Ice Data Center
National Sun Yat-Sen University,National Sun Yat-sen University
National University of Singapore,National University of Singapore
National Center for Environment Prediction Weather Prediction Center,National Weather Service
National Center for Environmental Prediction,National Weather Service
National Weather Service,National Weather Service
National Weather Service San Diego Forecast Office,National Weather Service
"NOAA National Weather Service, Houston-Galveston",National Weather Service
NOAA/National Weather Service,National Weather Service
NOAA/NWS/Western Region Headquarters,National Weather Service
The National Wildlife Federation,National Wildlife Federation
Natural Resources Defense Council,Natural Resources Defense Council
Natural Resources Institute Finland (Luke),Natural Resources Institute Finland
Naturalis Biodiversity Center,Naturalis Biodiversity Center
Nature Conservancy,Nature Conservancy
Nature Metrics North America Ltd.,NatureMetrics North America Ltd.
NEVADA DIVISION OF FORESTRY,Nevada Division of Forestry
New Jersey Institute of Technology,New Jersey Institute of Technology
New Mexico State University College of Engineering,New Mexico State University
Research Director of New Mexico Produced Water Research Consortium,New Mexico State University
New South Wales Government,New South Wales Government
New Zealand Department of Scientific and Industrial Research,New Zealand Department of Scientific and Industrial Research
Nhydra Ecological Consulting,Nhydra Ecological Consulting
Nigerian Meteorological Agency,Nigerian Meteorological Agency
Norsk institutt for vannforskning,Norsk institutt for vannforskning
NC State University,North Carolina State University
North China University of Water Resources and Electric Power,North China University of Water Resources and Electric Power
NDSU College of Engineering,North Dakota State University
North Dakota State University,North Dakota State University
North Seattle Community College,North Seattle Community College
North West Research Associates,North West Research Associates
Northeast Institute of Geography and Agroecology,Northeast Institute of Geography and Agroecology
Northeastern University,Northeastern University
Northern Arizona University,Northern Arizona University
Steve Sanghi College of Engineering,Northern Arizona University
Northern Colorado Water Conservancy District,Northern Colorado Water Conservancy District
Northern Illinois University,Northern Illinois University
Northern Sierra Mewuk,Northern Sierra Mewuk
Northwest Indian Fisheries Commission,Northwest Indian Fisheries Commission
Northwest Institute of Eco-Environment and Resources,Northwest Institute of Eco-Environment and Resources
"NorthWest Research Associates, Inc.","NorthWest Research Associates, Inc."
Northwestern University,Northwestern University
Meteorologisk institutt,Norwegian Meteorological Institute
Norges Teknisk-Naturvitenskapelige Universitet,Norwegian University of Science and Technology
NVIDIA,NVIDIA
Oak Ridge National Laboratory,Oak Ridge National Laboratory
ORNL Environmental Sciences Division,Oak Ridge National Laboratory
Obafemi Awolowo University,Obafemi Awolowo University
Oceankind,Oceankind
Byrd Polar and Climate Research Center,Ohio State University
Oklahoma State University,Oklahoma State University
Frank Batten College of Engineering and Technology,Old Dominion University
Old Dominion University,Old Dominion University
One People One Reef,One People One Reef
Orange County Water District,Orange County Water District
Oregon Department of Fish and Wildlife,Oregon Department of Fish and Wildlife
Oregon Health & Science University,Oregon Health & Science University
Oregon State University,Oregon State University
Osaka Metropolitan University,Osaka Metropolitan University
Ostrach Consulting,Ostrach Consulting
Oulun Yliopisto,Oulun Yliopisto
Our Kettle Inc.,Our Kettle Inc.
Owl of Minerva LLC,Owl of Minerva LLC
Pacific Engineering and Analysis,Pacific Engineering and Analysis
Pacific Gas and Electric Company,Pacific Gas and Electric Company
NOAA Pacific Islands Fisheries Science Center,Pacific Islands Fisheries Science Center
Pacific Northwest National Laboratory,Pacific Northwest National Laboratory
PACIFIC STATES MARINE FISHERIES COMMISSION,Pacific States Marine Fisheries Commission
Patuxent Wildlife Research Center,Patuxent Wildlife Research Center
Peking University,Peking University
Peninsula Open Space Trust,Peninsula Open Space Trust
Penn State College of Engineering,Pennsylvania State University
Pennsylvania State University,Pennsylvania State University
Philippines| International Rice Research Institute,Philippines International Rice Research Institute
Plymouth Marine Laboratory,Plymouth Marine Laboratory
Plymouth State University,Plymouth State University
Point Blue Conservation Science,Point Blue Conservation Science
Maseeh College of Engineering and Computer Science,Portland State University
Portland State University,Portland State University
Prairie View A&M University,Prairie View A&M University
Princeton University,Princeton University
Public Policy Institute of California,Public Policy Institute of California
Lyles School of Civil and Construction Engineering,Purdue University
Purdue University,Purdue University
Pusan National University,Pusan National University
QEDA Consulting,QEDA Consulting
"QEDA Consulting, LLC",QEDA Consulting
Québec Centre for Biodiversity Sciences,Quebec Centre for Biodiversity Science
Queensland Museum,Queensland Museum
Ramboll Group AS,Ramboll
"Ramboll USA, Inc.",Ramboll
RAND Corporation,RAND Corporation
Remote Sensing Solutions Inc.,Remote Sensing Solutions
Resource Management Associates,Resource Management Associates
"Resource Management Associates, Inc.",Resource Management Associates
Restore the Delta,Restore the Delta
George R. Brown School of Engineering and Computing,Rice University
Rice University,Rice University
River Partners,River Partners
Riverford Consulting,Riverford Consulting
Riverly,Riverly
RMA,RMA
RMIT University,RMIT University
RNT Consulting Inc.,RNT Consulting Inc.
Robert M. Gailey Consulting Hydrogeologist PC,Robert M. Gailey Consulting Hydrogeologist PC
Rockefeller University,Rockefeller University
Rocky Mountain Biological Laboratory,Rocky Mountain Biological Laboratory
"Rohde Environmental Consulting, LLC",Rohde Environmental Consulting
Roux,Roux Associates
Royal Meteorological Institute of Belgium,Royal Meteorological Institute of Belgium
RTI International,RTI International
Russian Academy of Sciences| Russian Academy of Sciences: Rossijskaa akademia nauk,Russian Academy of Sciences
Rutgers University-Newark,Rutgers University
Rutgers University–New Brunswick,Rutgers University
"S.S. Papadopulos & Associates, Inc.","S.S. Papadopulos & Associates, Inc."
Sacramento Zoo,Sacramento Zoo
Safe Water and LED Lighting Operatives Worldwide Inc.,Safe Water and LED Lighting Operatives Worldwide Inc.
Saint Anselm College,Saint Anselm College
Salt Lake City Public Utilities,Salt Lake City Public Utilities
San Diego Region Water Reclamation Agency,San Diego Region Water Reclamation Agency
San Diego State University,San Diego State University
SDSU College of Sciences,San Diego State University
San Diego Zoo Wildlife Alliance,San Diego Zoo Wildlife Alliance
San Francisco Estuary Institute,San Francisco Estuary Institute
San Francisco Public Utilities Commission,San Francisco Public Utilities Commission
San Francisco State University,San Francisco State University
SAN JOAQUIN COUNTY OFFICE OF EDUCATION,San Joaquin County
Marine Pollution Studies Laboratory,San Jose State University
San Jose State University,San Jose State University
Santa Barbara City College,Santa Barbara City College
Santa Clara University,Santa Clara University
Santa Clara Valley Transportation Authority,Santa Clara Valley Transportation Authority
Santa Clara Valley Water District,Santa Clara Valley Water District
Sarawak Tropical Peat Research Institute,Sarawak Tropical Peat Research Institute
"Science and Technology Corporation, Hampton",Science and Technology Corporation
SAIC,Science Applications International Corporation
SELF-HELP ENTERPRISES,Self-Help Enterprises
Senckenberg Forschungsinstitut und Naturmuseum,Senckenberg Forschungsinstitut und Naturmuseum
Seoul National University,Seoul National University
SEQUOIA RIVERLANDS TRUST,Sequoia Riverlands Trust
SGM,SGM
Shahrood University of Technology,Shahrood University of Technology
Shanghai Normal University,Shanghai Normal University
Shanghai University,Shanghai University
Shannon and Wilson Incorporated,Shannon and Wilson Incorporated
Sharif University of Technology,Sharif University of Technology
"Shelter, Inc of Contra Costa County","Shelter, Inc."
Sherwood Design Engineers,Sherwood Design Engineers
Shinshu University,Shinshu University
Sierra Streams Institute,Sierra Streams Institute
Simon Fraser University,Simon Fraser University
"Smith-Root, Inc.","Smith-Root, Inc."
National Zoological Park,Smithsonian Institution
Smithsonian Environmental Research Center,Smithsonian Institution
Smithsonian Institute,Smithsonian Institution
Smithsonian National Museum of Natural History,Smithsonian Institution
Smithsonian Tropical Research Institute,Smithsonian Institution
Society for Conservation Biology,Society for Conservation Biology
SocioEnvironmental and Economic Development Strategies,SocioEnvironmental and Economic Development Strategies
SocioEnvironmental and Education Network,SocioEnvironmental and Education Network
Sol Agro et hydrosystème Spatialisation (SAS),Sol Agro et hydrosystème Spatialisation
Sonoma State University,Sonoma State University
Sorbonne Université,Sorbonne Université
South China Normal University,South China Normal University
Southern California Coastal Water Research Project,Southern California Coastal Water Research Project
Southern California Edison Company,Southern California Edison Company
Southern Illinois University Carbondale,"Southern Illinois University, Carbondale"
Southern University of Science and Technology,Southern University of Science and Technology
NOAA Southwest Fisheries Science Center,Southwest Fisheries Science Center
NOAA Southwest Fisheries Science Center Santa Cruz Laboratory,Southwest Fisheries Science Center
Southwest University,Southwest University
Southwest Watershed Research Center,Southwest Watershed Research Center
St. Cloud State University,St. Cloud State University
Stanford Synchrotron Radiation Lightsource,Stanford Synchrotron Radiation Lightsource
Stanford Engineering,Stanford University
Stanford Graduate School of Education,Stanford University
Stanford Law School,Stanford University
Stanford University,Stanford University
Stanford Woods Institute for the Environment,Stanford University
"Stantec Inc., Canada",Stantec Incorporated
State Key Laboratory of Efficient Utilization of Agricultural Water Resources,State Key Laboratory of Efficient Utilization of Agricultural Water Resources
State Key Laboratory of Marine Geology,State Key Laboratory of Marine Geology
Government of California,State of California
SUNY Brockport,State University of New York
SUNY College of Environmental Science and Forestry,State University of New York
State University of New York Albany,"State University of New York, Albany"
"University at Buffalo, The State University of New York","State University of New York, Buffalo"
Stellenbosch University,Stellenbosch University
Stockholm Environment Institute,Stockholm Environment Institute
"Stockholm Environment Institute, USA",Stockholm Environment Institute
Stony Brook University,Stony Brook University
Stringfellow and Associates,Stringfellow and Associates
Suez Canal University,Suez Canal University
Suisun Resource Conservation District,Suisun Resource Conservation District
Sultan Qaboos University,Sultan Qaboos University
Sun Yat-Sen University,Sun Yat-sen University
Suomen Ympäristökeskus,Suomen Ympäristökeskus
SureWorks LLC.,SureWorks LLC
Susanne Moser Research & Consulting,Susanne Moser Research & Consulting
Swedish Meteorological and Hydrological Institute,Swedish Meteorological and Hydrological Institute
Sveriges lantbruksuniversitet,Swedish University of Agricultural Sciences
Swiss Ornithological Institute,Swiss Ornithological Institute
"Systech Engineering, Inc.","Systech Engineering, Inc."
Taiwan Typhoon and Flood Research Institute,Taiwan Typhoon and Flood Research Institute
Tarbiat Modares University,Tarbiat Modares University
Technion - Israel Institute of Technology,Technion - Israel Institute of Technology
Technische Universität Berlin,"Technische Universität, Berlin"
Technische Universität Braunschweig,"Technische Universität, Braunschweig"
Technische Universität München,"Technische Universität, München"
Tennessee Aquarium Conservation Institute,Tennessee Aquarium Conservation Institute
"Tetra Tech, Inc.","Tetra Tech, Inc."
Texas A&M AgriLife Research,Texas A&M University
Texas A&M University,Texas A&M University
Texas A and M University - Corpus Christi,"Texas A&M University, Corpus Christi"
Texas Department of Parks and Wildlife,Texas Department of Parks and Wildlife
Texas State University,Texas State University
Texas Tech University,Texas Tech University
Texas Water Development Board,Texas Water Development Board
Texas Water Trade,Texas Water Trade
The Key Laboratory of River and Coastal Engineering,The Key Laboratory of River and Coastal Engineering
The Water Institute of the Gulf,The Water Institute of the Gulf
"Wilderness Society, Bozeman",The Wilderness Society
Thuyloi University,Thuyloi University
Tianjin University,Tianjin University
Tierärztliche Hochschule Hannover,Tierärztliche Hochschule Hannover
Tohoku University,Tohoku University
Tokai University,Tokai University
The Tomorrow Companies Inc.,"Tomorrow Companies, Inc."
Toray Membrane USA,Toray Membrane USA
Tottori University,Tottori University
Toyama Prefectural University,Toyama Prefectural University
Tribhuvan University,Tribhuvan University
Trondheim hovedkontor,Trondheim hovedkontor
Trout Unlimited,Trout Unlimited
"Trussell Technologies, Inc.","Trussell Technologies, Inc."
Tsinghua University,Tsinghua University
UK Centre for Ecology & Hydrology,UK Centre for Ecology and Hydrology
Ukrainian Hydrometeorological Institute,Ukrainian Hydrometeorological Institute
Ulithi Falalop Community Action Program,Ulithi Falalop Community Action Program
UNAVCO Inc.,UNAVCO Incorporated
Union of Concerned Scientists,Union of Concerned Scientists
U.S. Army Cold Regions Research and Engineering Laboratory,United States Army
U.S. Army Engineer Research and Development Center,United States Army
"U.S. Army Research, Development and Engineering Command",United States Army
The United States Army Corps of Engineers,United States Army Corps of Engineers
U.S. Army Corps of Engineers - Sacramento District,United States Army Corps of Engineers
U.S. Army Corps of Engineers - San Francisco,United States Army Corps of Engineers
Bureau of Reclamation,United States Bureau of Reclamation
Rural Development Administration,United States Department of Agriculture
United States Department of Agriculture,United States Department of Agriculture
USDA Agricultural Research Service,United States Department of Agriculture
USDA Animal and Plant Health Inspection Service (APHIS),United States Department of Agriculture
USDA APHIS National Wildlife Research Center,United States Department of Agriculture
USDA ARS Beltsville Agricultural Research Center,United States Department of Agriculture
USDA ARS Conservation and Production Research Laboratory,United States Department of Agriculture
USDA ARS Northwest Watershed Research Center,United States Department of Agriculture
USDA ARS Rocky Mountain Research Station,United States Department of Agriculture
USDA ARS Salinity Laboratory,United States Department of Agriculture
USDA ARS Western Regional Research Center (WRRC),United States Department of Agriculture
USDA National Agricultural Statistics Service,United States Department of Agriculture
USDA Natural Resources Conservation Service,United States Department of Agriculture
USDA-ARS Delta Water Management Research Unit,United States Department of Agriculture
USDA-ARS Grassland Soil and Water Research Laboratory,United States Department of Agriculture
USDA-ARS Water Management and Systems Research Unit,United States Department of Agriculture
U.S. Environmental Protection Agency,United States Environmental Protection Agency
United States Environmental Protection Agency,United States Environmental Protection Agency
Delta Juvenile Fish Monitoring Program,United States Fish and Wildlife Service
Lodi Fish and Wildlife Office,United States Fish and Wildlife Service
Mid-Columbia Fish and Wildlife Conservation Office Yakima Basin Program US Fish and Wildlife Service Yakima,United States Fish and Wildlife Service
Mid-Columbia River National Wildlife Refuge Complex,United States Fish and Wildlife Service
U.S. Fish and Wildlife Service,United States Fish and Wildlife Service
United States Fish and Wildlife Service,United States Fish and Wildlife Service
US Fish & Wildlife Service,United States Fish and Wildlife Service
USDA Forest Service,United States Forest Service
USDA Forest Service International Institute of Tropical Forestry,United States Forest Service
USDA Forest Service Pacific Southwest Research Station,United States Forest Service
USDA Forest Service Rocky Mountain Research Station,United States Forest Service
California Science Center,United States Geological Survey
California Water Science Center,United States Geological Survey
Columbia Environmental Research Center,United States Geological Survey
Retired U.S. Geological Survey,United States Geological Survey
U.S. Geological Survey Western Ecological Research Center,United States Geological Survey
United States Geologic Survey,United States Geological Survey
United States Geological Survey,United States Geological Survey
United States Geological Survey Central Region,United States Geological Survey
United States Geological Survey Western Region,United States Geological Survey
USGS Earth Resources Observation and Science Center,United States Geological Survey
Western Fisheries Research Center,United States Geological Survey
US Naval Academy,United States Naval Academy
U.S. Naval Research Laboratory,United States Naval Research Laboratory
Universidad de Almería,Universidad de Almería
Universidad de Córdoba,Universidad de Córdoba
Universidad de Chile,Universidad de Chile
Universidad de Concepcion,Universidad de Concepción
Universidad de Costa Rica,Universidad de Costa Rica
Universidad de Granada,Universidad de Granada
Universidad de la Laguna,Universidad de la Laguna
Universidad de las Americas - Ecuador,Universidad de las Americas - Ecuador
Universidad de León,Universidad de León
Universidad de los Llanos,Universidad de los Llanos
Universidad de Magallanes,Universidad de Magallanes
Universidad de Oriente,Universidad de Oriente
Universidad de San Carlos de Guatemala,Universidad de San Carlos de Guatemala
Universidad de Santiago de Chile,Universidad de Santiago de Chile
Universidad de Sevilla,Universidad de Sevilla
Universidad de Valparaiso,Universidad de Valparaiso
Universidad Nacional de la Patagonia San Juan Bosco,Universidad Nacional de la Patagonia San Juan Bosco
Universidad Politécnica de Madrid,Universidad Politécnica de Madrid
Universidad San Francisco de Quito,Universidad San Francisco de Quito
Universidade de Aveiro,Universidade de Aveiro
Universidade de Brasília,Universidade de Brasília
Universidade de Cuiaba,Universidade de Cuiaba
Faculdade de Ciências da Universidade de Lisboa,Universidade de Lisboa
Universidade de São Paulo,Universidade de São Paulo
Universidade do Algarve,Universidade do Algarve
Universiade do Namibe,Universidade do Namibe
Universidade do Namibe,Universidade do Namibe
Universidade Estadual de Campinas,Universidade Estadual de Campinas
Universidade Estadual do Sudoeste da Bahia,Universidade Estadual do Sudoeste da Bahia
"Universidade Estadual Paulista ""Júlio de Mesquita Filho""","Universidade Estadual Paulista ""Júlio de Mesquita Filho"""
Universidade Federal da Paraíba,Universidade Federal da Paraíba
Universidade Federal de Alfenas,Universidade Federal de Alfenas
Universidade Federal de Catalão,Universidade Federal de Catalão
Universidade Federal de Mato Grosso do Sul,Universidade Federal de Mato Grosso do Sul
Universidade Federal de Minas Gerais,Universidade Federal de Minas Gerais
Universidade Federal do Maranhão,Universidade Federal do Maranhão
Universidade Federal do Pará,Universidade Federal do Pará
Universidade Federal do Rio de Janeiro,Universidade Federal do Rio de Janeiro
Universidade Federal do Rio Grande do Sul,Universidade Federal do Rio Grande do Sul
Universität Graz,Universität Graz
Universität Innsbruck,Universität Innsbruck
Universität Rostock,Universität Rostock
Universität Zürich,Universität Zürich
Università Ca' Foscari Venezia,Università Ca' Foscari Venezia
Università degli Studi della Tuscia Viterbo,Università degli Studi della Tuscia Viterbo
Università degli Studi di Catania,Università degli Studi di Catania
Università degli Studi di Palermo,Università degli Studi di Palermo
Università degli Studi di Salerno,Università degli Studi di Salerno
Università degli Studi di Sassari,Università degli Studi di Sassari
Università della Calabria,Università della Calabria
Université Bourgogne Europe,Université Bourgogne Europe
UCLouvain,Université catholique de Louvain
Université Claude Bernard Lyon 1,Université Claude Bernard Lyon 1
Université de Lausanne (UNIL),Université de Lausanne (UNIL)
Université de Lyon,Université de Lyon
Université de Montpellier,Université de Montpellier
Université de Toulouse,Université de Toulouse
Université du Québec à Rimouski,Université du Québec à Rimouski
Université Grenoble Alpes,Université Grenoble Alpes
Université McGill,Université McGill
Université Rennes 2,Université Rennes 2
ICTA-UAB Institut de Ciència i Tecnologia Ambientals,Universitat Autònoma de Barcelona
Universitat Autònoma de Barcelona,Universitat Autònoma de Barcelona
Universitat de Barcelona,Universitat de Barcelona
Universitat de Girona,Universitat de Girona
Universitat de Lleida,Universitat de Lleida
Universitat Rovira i Virgili,Universitat Rovira i Virgili
Universiteit Gent,Universiteit Gent
Universiteit Utrecht,Universiteit Utrecht
Universiti Sains Malaysia,Universiti Sains Malaysia
Universities Space Research Association,Universities Space Research Association
University College Dublin,University College Dublin
University Corporation for Atmospheric Research,University Corporation for Atmospheric Research
University of Aberdeen,University of Aberdeen
The University of Adelaide,University of Adelaide
The University of Alabama,University of Alabama
Department of Geological Sciences,"University of Alabama, Tuscaloosa"
University of Alaska Museum of the North,University of Alaska
University of Alaska Southeast,University of Alaska Southeast
University of Alaska Fairbanks,"University of Alaska, Fairbanks"
The University of Arizona,University of Arizona
University of Arkansas,University of Arkansas
Universitetet i Bergen,University of Bergen
University of Birmingham,University of Birmingham
Université de Bordeaux,University of Bordeaux
University of Botswana,University of Botswana
University of Bristol,University of Bristol
The University of British Columbia,University of British Columbia
University of Calgary,University of Calgary
University of California,University of California
Cooperative Extension in Water Resources,University of California Cooperative Extension
South Coast Research and Extension Center,University of California Cooperative Extension
UC Cooperative Extension,University of California Cooperative Extension
UC Cooperative Extension (UCCE),University of California Cooperative Extension
UCCE Environmental Horticulture,University of California Cooperative Extension
UCCE Horticulture,University of California Cooperative Extension
UCCE San Joaquin County,University of California Cooperative Extension
UCCE Water Resources/Water Quality,University of California Cooperative Extension
University of California Cooperative Extension,University of California Cooperative Extension
University of California Division of Agriculture and Natural Resources,University of California Cooperative Extension
University of California Kearney Agricultural Research and Extension Center,University of California Cooperative Extension
Berkeley Law,"University of California, Berkeley"
"Department of Environmental Science, Policy, and Management","University of California, Berkeley"
Energy and Resources Group,"University of California, Berkeley"
"University of California, Berkeley","University of California, Berkeley"
School of Veterinary Medicine,"University of California, Davis"
"University of California, Davis","University of California, Davis"
UCI Susan & Henry Samueli College of Health Sciences,"University of California, Irvine"
"University of California, Irvine","University of California, Irvine"
California NanoSystems Institute,"University of California, Los Angeles"
Samueli School of Engineering,"University of California, Los Angeles"
UCLA Fielding School of Public Health,"University of California, Los Angeles"
UCLA Joint Institute for Regional Earth System Science and Engineering,"University of California, Los Angeles"
UCLA Samueli School of Engineering,"University of California, Los Angeles"
"University of California, Los Angeles","University of California, Los Angeles"
UC Merced,"University of California, Merced"
"College of Humanities, Arts and Social Sciences","University of California, Riverside"
Marlan and Rosemary Bourns College of Engineering,"University of California, Riverside"
UCR School of Medicine,"University of California, Riverside"
"University of California, Riverside","University of California, Riverside"
Cecil H. and Ida M. Green Institute of Geophysics and Planetary Physics,"University of California, San Diego"
Center for Western Weather and Water Extremes,"University of California, San Diego"
"Climate, Atmospheric Science and Physical Oceanography","University of California, San Diego"
San Diego Supercomputer Center,"University of California, San Diego"
Scripps Institution of Oceanography,"University of California, San Diego"
"University of California, San Diego","University of California, San Diego"
"University of California, San Francisco","University of California, San Francisco"
"University of California, Santa Barbara","University of California, Santa Barbara"
Baskin School of Engineering,"University of California, Santa Cruz"
"University of California, Santa Cruz","University of California, Santa Cruz"
University of Canberra,University of Canberra
University of Canterbury,University of Canterbury
University of Central Florida,University of Central Florida
Center for Advanced Radiation Sources,University of Chicago
The University of Chicago,University of Chicago
University of Chinese Academy of Sciences,University of Chinese Academy of Sciences
"University of Coimbra, Marine and Environmental Sciences Center",University of Coimbra
Cooperative Institute for Research in Environmental Sciences,"University of Colorado, Boulder"
University of Colorado Boulder,"University of Colorado, Boulder"
University of Connecticut,University of Connecticut
Københavns Universitet,University of Copenhagen
University of Crete,University of Crete
University of Delaware,University of Delaware
University of Denver,University of Denver
The University of Dodoma,University of Dodoma
Universität Duisburg-Essen,University of Duisburg-Essen
Itä-Suomen yliopisto,University of Eastern Finland
The University of Edinburgh,University of Edinburgh
University of Essex,University of Essex
University of Exeter,University of Exeter
Herbert Wertheim College of Engineering,University of Florida
Tropical Research & Education Center,University of Florida
University of Florida,University of Florida
University of Florida Institute of Food and Agricultural Sciences,University of Florida
University of Galway,University of Galway
Franklin College of Arts and Sciences,University of Georgia
University of Georgia,University of Georgia
University of Hawaiʻi at Mānoa,University of Hawaiʻi at Mānoa
Helsingin Yliopisto,University of Helsinki
The University of Hong Kong,University of Hong Kong
University of Houston,University of Houston
University of Houston-Clear Lake,"University of Houston, Clear Lake"
University of Hull,University of Hull
University of Idaho,University of Idaho
University of Illinois at Chicago,"University of Illinois, Chicago"
The Grainger College of Engineering,"University of Illinois, Urbana-Champaign"
University of Illinois Urbana-Champaign,"University of Illinois, Urbana-Champaign"
University of Ioannina,University of Ioannina
University of Iowa,University of Iowa
University of Johannesburg,University of Johannesburg
The University of Jordan,University of Jordan
"University of Kentucky College of Agriculture, Food and Environment",University of Kentucky
Instituto Superior Técnico,University of Lisbon
University of Maine,University of Maine
University of Manitoba,University of Manitoba
University of Maryland Center for Environmental Science,University of Maryland
"University of Maryland, Baltimore County (UMBC)","University of Maryland, Baltimore County"
A. James Clark School of Engineering,"University of Maryland, College Park"
"College of Computer, Mathematical, & Natural Sciences","University of Maryland, College Park"
"University of Maryland, College Park","University of Maryland, College Park"
Daniel J. Riccio Jr. College of Engineering,"University of Massachusetts, Amherst"
University of Massachusetts Amherst,"University of Massachusetts, Amherst"
Kennedy College of Sciences,"University of Massachusetts, Lowell"
University of Melbourne,University of Melbourne
Herff College of Engineering,University of Memphis
Rosenstiel School of Marine and Atmospheric Science,University of Miami
"University of Michigan, Ann Arbor",University of Michigan
University of Minnesota Twin Cities,"University of Minnesota, Twin Cities"
University of Montana,University of Montana
University of Montana College of Forestry and Conservation,University of Montana
University of Montreal,University of Montreal
University of Nebraska–Lincoln,University of Nebraska–Lincoln
"University of Nevada, Las Vegas","University of Nevada, Las Vegas"
The Nevada Seismological Laboratory,"University of Nevada, Reno"
"University of Nevada, Reno","University of Nevada, Reno"
University of New Hampshire Durham,University of New Hampshire
The University of New Mexico,University of New Mexico
The University of North Carolina at Chapel Hill,"University of North Carolina, Chapel Hill"
The University of North Carolina at Charlotte,"University of North Carolina, Charlotte"
University of North Florida,University of North Florida
The University of Oklahoma,University of Oklahoma
University of Oregon,University of Oregon
Université d'Orléans,University of Orléans
University of Otago,University of Otago
Oxford Social Sciences Division,University of Oxford
University of Oxford,University of Oxford
Swanson School of Engineering,University of Pittsburgh
University of Pittsburgh Graduate School of Public Health,University of Pittsburgh
University of Pittsburgh School of Medicine,University of Pittsburgh
University of Plymouth,University of Plymouth
University of Puget Sound,University of Puget Sound
The University of Queensland,University of Queensland
University of Reading,University of Reading
University of Regina,University of Regina
University of Rhode Island,University of Rhode Island
University of Rhode Island’s College of Engineering,University of Rhode Island
University of Richmond,University of Richmond
University of San Diego,University of San Diego
University of San Francisco,University of San Francisco
University of Saskatchewan,University of Saskatchewan
"University of Saskatchewan, Western College of Veterinary Medicine",University of Saskatchewan
University of Shanghai for Science and Technology,University of Shanghai for Science and Technology
University of South Carolina,University of South Carolina
University of South Dakota,University of South Dakota
University of Southern California,University of Southern California
USC Viterbi School of Engineering,University of Southern California
University of Strathclyde,University of Strathclyde
University of Sussex,University of Sussex
The University of Sydney,University of Sydney
Ökoloogia ja Maateaduste Instituut,University of Tartu
Tartu Ülikool,University of Tartu
University of Tasmania,University of Tasmania
University of Tehran,University of Tehran
"The University of Tennessee, Knoxville","University of Tennessee, Knoxville"
University of Texas at Tyler,University of Texas at Tyler
Cockrell School of Engineering,"University of Texas, Austin"
The University of Texas at Austin,"University of Texas, Austin"
The University of Texas at El Paso,"University of Texas, El Paso"
"University of the Pacific, California",University of the Pacific
University of Toronto,University of Toronto
University of Tsukuba,University of Tsukuba
Tuscia University,University of Tuscia
The University of Utah,University of Utah
Université de Versailles Saint-Quentin-en-Yvelines,University of Versailles Saint-Quentin-en-Yvelines
University of Waikato,University of Waikato
University of Washington,University of Washington
UW College of Engineering,University of Washington
University of Water Resources and Electrical Power,University of Water Resources and Electrical Power
University of Waterloo,University of Waterloo
The University of Western Australia,University of Western Australia
University of Wisconsin-Madison,"University of Wisconsin, Madison"
University of Wisconsin-Milwaukee,"University of Wisconsin, Madison"
University of Wisconsin-Stevens Point,"University of Wisconsin, Madison"
UW-Madison College of Engineering,"University of Wisconsin, Madison"
University of Wollongong,University of Wollongong
University of Wyoming,University of Wyoming
[NA],UNKNOWN
Antarctic Group,UNKNOWN
Applied Marine Sciences,UNKNOWN
Atlantic,UNKNOWN
Bay Delta Region,UNKNOWN
Biological Survey,UNKNOWN
Central Asia Sub-Regional Office,UNKNOWN
Central District,UNKNOWN
College of Agriculture and Life Sciences,UNKNOWN
College of Arts & Sciences,UNKNOWN
College of Arts and Sciences,UNKNOWN
College of Engineering,UNKNOWN
College of Engineering and Applied Science,UNKNOWN
College of Engineering and Computer Science,UNKNOWN
College of Engineering and Physical Sciences,UNKNOWN
College of Natural Science,UNKNOWN
College of Natural Sciences,UNKNOWN
College of Natural Sciences and Mathematics,UNKNOWN
College of Science,UNKNOWN
College of Science and Engineering,UNKNOWN
College of Sciences,UNKNOWN
College of the Environment,UNKNOWN
Department of Biological and Agricultural Engineering,UNKNOWN
Department of Biological and Environmental Engineering,UNKNOWN
Department of Biological Systems Engineering,UNKNOWN
Department of Biosystems Engineering,UNKNOWN
Department of Civil & Environmental Engineering,UNKNOWN
Department of Civil and Environmental Engineering,UNKNOWN
"Department of Civil, Construction and Environmental Engineering",UNKNOWN
Department of Computer Science,UNKNOWN
Department of Electrical Engineering and Computer Sciences,UNKNOWN
Department of Environmental Sciences and Engineering,UNKNOWN
Department of Landscape Architecture & Environmental Planning,UNKNOWN
Department of Landscape Architecture and Rural Systems Engineering,UNKNOWN
Department of Marine and Coastal Sciences,UNKNOWN
Department of Mechanical Engineering,UNKNOWN
Department of Medicine,UNKNOWN
Department of Plant & Microbial Biology,UNKNOWN
Department of Structural Engineering,UNKNOWN
Division of Environmental Services,UNKNOWN
Ecosystem Conservation Division,UNKNOWN
"Engineering, LLC",UNKNOWN
Environmental Laboratory,UNKNOWN
Faculty of Agriculture,UNKNOWN
Faculty of Arts and Sciences,UNKNOWN
Faculty of Business Administration,UNKNOWN
Faculty of Science,UNKNOWN
Fathom,UNKNOWN
Fisheries Branch,UNKNOWN
Genetics Research Laboratory,UNKNOWN
GoFundMe,UNKNOWN
Inc,UNKNOWN
Inc. under contract to the U.S. Geological,UNKNOWN
"Institute of Earth, Ocean, and Atmospheric Sciences",UNKNOWN
Institute of Industrial Science,UNKNOWN
Institute of Nuclear-Agricultural Science,UNKNOWN
LLC,UNKNOWN
Marine Biology Research Division,UNKNOWN
Marine Region,UNKNOWN
Met Office,UNKNOWN
National Electric Coil,UNKNOWN
National Institute of Education,UNKNOWN
National Institute of Polar Research,UNKNOWN
NATURAL RESOURCES,UNKNOWN
not available,UNKNOWN
Office of Naval Research,UNKNOWN
Office of Quality Assurance,UNKNOWN
OVAM,UNKNOWN
Research Institute of Agricultural and Life Science,UNKNOWN
School of Engineering,UNKNOWN
School of Engineering and Applied Science,UNKNOWN
School of Geography,UNKNOWN
School of Life Sciences,UNKNOWN
School of Molecular and Cellular Biology,UNKNOWN
School of Natural Resources,UNKNOWN
School of Ocean and Earth Science and Technology,UNKNOWN
School of Public Health,UNKNOWN
School of Science,UNKNOWN
Sonoma,UNKNOWN
Suisun Marsh Branch,UNKNOWN
Suisun Marsh Program,UNKNOWN
Suisun Marsh Unit,UNKNOWN
Suite 119,UNKNOWN
VA Medical Center,UNKNOWN
Washington Office,UNKNOWN
Water Branch,UNKNOWN
Water Resources Research Center,UNKNOWN
"Western Regional Climate Center, Nevada",UNKNOWN
Wildlife Branch,UNKNOWN
Wildlife Investigations Lab California,UNKNOWN
UPMC Hillman Cancer Center,UPMC
Utah Geological Survey,Utah Geological Survey
Utah State University,Utah State University
Copernicus Institute of Sustainable Development,Utrecht University
Valley Eco,Valley Eco
Victoria University of Wellington,Victoria University of Wellington
Vietnam Academy for Water Resources,Vietnam Academy for Water Resources
Virginia Institute of Marine Science,Virginia Institute of Marine Science
Virginia Polytechnic Institute and State University,Virginia Polytechnic Institute and State University
Vrije Universiteit Amsterdam,Vrije Universiteit Amsterdam
Vulcan Inc.,Vulcan Inc.
Wageningen University & Research,Wageningen University & Research
Washington Department of Fish and Wildlife,Washington Department of Fish and Wildlife
Washington State University,Washington State University
Washington State University Pullman,Washington State University
Washington State University Puyallup Research and Extension Center,Washington State University
Washington University in St. Louis,Washington University in St. Louis
Waterborne Environmental Inc.,Waterborne Environmental Inc.
"WaterFX, Inc.","WaterFX, Inc."
Wellesley College,Wellesley College
West Texas A&M University,West Texas A&M University
West Virginia University,West Virginia University
Western Municipal Water District,Western Municipal Water District
Wild Salmon Center,Wild Salmon Center
William Baker and Associates,William Baker and Associates
"William Lettis and Associates, Inc.",William Lettis and Associates
"Williams-McCaron, Inc.","Williams-McCaron, Inc."
Williams-Mystic,Williams-Mystic
Woods Hole Oceanographic Institution,Woods Hole Oceanographic Institution
World Agroforestry Centre,World Agroforestry Centre
The World Bank Group,World Bank
"The World Bank, USA",World Bank
World Resources Institute,World Resources Institute
World Wildlife Fund,World Wildlife Fund
"WRA, Inc.","WRA, Inc."
Wrocław University of Environmental and Life Sciences,Wrocław University of Environmental and Life Sciences
WSL - Institut für Schnee- und Lawinenforschung SLF - Davos,WSL - Institut für Schnee- und Lawinenforschung SLF - Davos
Wuhan University,Wuhan University
Yale School of Engineering & Applied Science,Yale University
Yale University,Yale University
Yellow Sea Fisheries Research Institute Chinese Academy of Fishery Science,Yellow Sea Fisheries Research Institute
Yugra State University,Yugra State University
Zagazig University,Zagazig University
Zhejiang Sci-Tech University,Zhejiang Sci-Tech University